Date,ExperimentCode,ParticipantID,QuestionTitle,QuestionsType,Reference,Required,Response,ResponseID,Transcript
2025-08-15 02:04:23,HEALTHVU,5936,"Since the last EMA survey, how many new people have you interacted with in-person who don't know well enough to name? For example, customers at a cash register, staffing a table at an event, or similar?",text,,true,0,5dd2aa4a-c6e2-4927-82c0-8860852cd9bb,
2025-08-14 21:21:40,HEALTHVU,5936,"Were these interactions with children, adults, or both?",radio,,true,Not applicable (I was not in a group since the last EMA),99ee7b40-cdf0-4590-bb8c-a530f6119406,
2025-08-12 23:36:55,HEALTHVU,5932,Please answer the survey below,webview,,true,Start: 2025-08-12 19:36:13.495985 | End: 2025-08-12 19:36:26.779352,6a007bd5-7caf-42fc-a453-3169d419c4c9,
2025-08-13 13:40:28,HEALTHVU,5932,Current location,location,,true,"latitude: 34.05267401642713, longitude: -84.78078844168509",133baf4d-e618-4625-91ab-cab093189feb,
2025-08-14 01:18:58,HEALTHVU,5932,Time the diary was completed,end_time,,true,2025-08-13T21:18:57.166135,cc7e5dc1-77b8-4f28-a7a8-674c6751fa52,
2025-08-14 21:21:40,HEALTHVU,5936,"Since the last EMA survey, how many new people have you interacted with in-person who don't know well enough to name? For example, customers at a cash register, staffing a table at an event, or similar?",text,,true,0,dbdeac2c-d7ed-401b-ac06-e7eb9085d7ae,
2025-08-13 13:40:28,HEALTHVU,5932,Time the diary was started,start_time,,true,2025-08-13T09:39:15.360400,ebc37983-6ec8-4e44-8c9a-87cc3d3757e5,
2025-08-14 12:09:41,HEALTHVU,5936,Please answer the survey below,webview,,true,Start: 2025-08-14 08:08:07.588006 | End: 2025-08-14 08:09:07.838179,bc64fd12-8aea-4642-a52d-473b30de3297,
2025-08-14 13:45:12,HEALTHVU,5936,Time the diary was completed,end_time,,true,2025-08-14T09:45:11.229721,b9a03497-e793-424e-ae43-ae58838f65ac,
2025-08-13 23:37:28,HEALTHVU,5932,"Since the last EMA survey, how many new people have you interacted with in-person who don't know well enough to name? For example, customers at a cash register, staffing a table at an event, or similar?",text,,true,0,c1ddb681-46ce-40bf-a422-cd156b3536ed,
2025-08-13 21:23:37,HEALTHVU,5936,Time the diary was started,start_time,,true,2025-08-13T17:22:26.244038,0b68ec7a-0760-4bcd-affc-c57c1699c562,
2025-08-13 18:31:48,HEALTHVU,5932,"Were these interactions with children/teenagers, adults, or both?",radio,,true,All adults,8e1b458b-822f-419f-a5b2-6834fbe5afbd,
2025-08-15 00:31:34,HEALTHVU,5936,How many other people were you around?,radio,,true,Not applicable (I was not in a group since the last EMA),544b9c56-f884-4e89-ada2-5f26dad4ea7a,
2025-08-13 23:12:18,HEALTHVU,5936,"Were these interactions with children, adults, or both?",radio,,true,Not applicable (I was not in a group since the last EMA),27eb23cd-06d9-4a04-8029-661e5085992a,
2025-08-14 22:58:01,HEALTHVU,5877,"Welcome to the study! Does your ghost have a name? If not, what would you like to name your ghost?",text,,true,Harvey,224be6c3-0a3e-41ec-8b97-4482e1353e29,
2025-08-12 18:31:06,HEALTHVU,5932,Current location,location,,true,"latitude: 34.05267401642713, longitude: -84.78078844168509",3bc2fd53-4018-454f-8c21-7c79644b0d34,
2025-08-12 16:50:12,HEALTHVU,5932,Time the diary was completed,end_time,,true,2025-08-12T12:50:11.384727,efe5a6e8-d08f-4ff5-972f-e35937b5f6f1,
2025-08-13 16:49:05,HEALTHVU,5932,Current location,location,,true,"latitude: 34.05267401642713, longitude: -84.78078844168509",6b2cc7cc-3f7c-462d-a125-d5f23f676aa6,
2025-08-13 19:51:03,HEALTHVU,5936,"Were these interactions with children/teenagers, adults, or both?",radio,,true,Not applicable (no new interactions to report),5bd7655c-0642-4d00-836f-c702bc988ecf,
2025-08-12 16:50:12,HEALTHVU,5932,Where did these interactions take place?,radio,,true,Fully indoors,6de64992-996a-44fb-a0e6-d55d96c9f43a,
2025-08-13 19:51:03,HEALTHVU,5936,"Since the last EMA survey, how many new people have you interacted with in-person who don't know well enough to name? For example, customers at a cash register, staffing a table at an event, or similar?",text,,true,0,9da638f9-3112-466f-998e-bc7604902fbb,
2025-08-13 22:01:32,HEALTHVU,5932,"Since the last EMA survey, how many new people have you interacted with in-person who don't know well enough to name? For example, customers at a cash register, staffing a table at an event, or similar?",text,,true,0,a527a1c2-730b-4f4f-82c0-51815ad8ed86,
2025-08-14 13:45:12,HEALTHVU,5936,Where did these interactions take place?,radio,,true,Not applicable (no new interactions to report),dab7b96b-d349-4101-811f-176060915720,
2025-08-12 20:14:18,HEALTHVU,5932,"Were these interactions with children/teenagers, adults, or both?",radio,,true,Not applicable (no new interactions to report),cde8ee5e-e282-4ad0-9e97-33193db657d2,
2025-08-14 22:58:01,HEALTHVU,5877,Incentives Earned,Incentives,,true,$5.00,2a84c701-4700-4cab-977b-3ffca136768b,
2025-08-13 19:51:03,HEALTHVU,5936,Please answer the survey below,webview,,true,Start: 2025-08-13 15:50:07.866371 | End: 2025-08-13 15:50:35.385179,be4a4d17-7807-4a34-a0c6-7bfc77d88970,
2025-08-12 20:14:18,HEALTHVU,5932,"Were these interactions with children, adults, or both?",radio,,true,Not applicable (I was not in a group since the last EMA),dca94e25-a794-476a-ab57-1145be886ace,
2025-08-14 20:02:12,HEALTHVU,5936,"Since the last EMA survey, how many new people have you interacted with in-person who don't know well enough to name? For example, customers at a cash register, staffing a table at an event, or similar?",text,,true,0,8c5fa802-0df9-40d7-9e0d-762e227f2c96,
2025-08-13 13:39:45,HEALTHVU,5936,"Were these interactions with children, adults, or both?",radio,,true,All adults,4f2ef102-1e23-413e-8f54-cd341e7ec5d8,
2025-08-13 19:51:03,HEALTHVU,5936,Where did these interactions take place?,radio,,true,Not applicable (no new interactions to report),ea453736-9f9e-4011-a68c-00f8a19cf86a,
2025-08-12 18:31:06,HEALTHVU,5932,"Were these interactions with children, adults, or both?",radio,,true,Not applicable (I was not in a group since the last EMA),98baafec-41c9-4ac9-880f-65038ab28791,
2025-08-13 11:43:19,HEALTHVU,5932,Time the diary was completed,end_time,,true,2025-08-13T07:43:17.513368,43722e2b-f440-4a2a-914b-98c32db35ec1,
2025-08-13 18:31:48,HEALTHVU,5932,"Since the last EMA survey, did you spend time in any groups where you shared space with people you couldn't name individually?",radio,,true,No,05c5bee2-f287-4cc8-b42e-9a3fb87079d3,
2025-08-13 03:00:54,HEALTHVU,5932,"Were these interactions with children, adults, or both?",radio,,true,Not applicable (I was not in a group since the last EMA),9a045716-2b2f-4a0c-a7c5-fd123a46e00f,
2025-08-13 15:26:47,HEALTHVU,5936,"Since the last EMA survey, did you spend time in any groups where you shared space with people you couldn't name individually?",radio,,true,Yes,8877f856-2787-47d1-a068-6b531e6111ac,
2025-08-13 16:49:05,HEALTHVU,5932,Time the diary was started,start_time,,true,2025-08-13T12:48:21.757143,a5b1700e-d8ba-4067-8620-f5bff16ab462,
2025-08-13 15:26:47,HEALTHVU,5936,"Since the last EMA survey, how many new people have you interacted with in-person who don't know well enough to name? For example, customers at a cash register, staffing a table at an event, or similar?",text,,true,2,67a1ca8b-b0e5-4b7b-9a32-0d569c1c5eac,
2025-08-14 13:45:12,HEALTHVU,5936,Time the diary was started,start_time,,true,2025-08-14T09:43:57.150466,c4f4440a-baa6-4a59-8033-1af627379d79,
2025-08-14 00:27:57,HEALTHVU,5936,"Since the last EMA survey, did you spend time in any groups where you shared space with people you couldn't name individually?",radio,,true,No,8e7e1a32-6f18-4646-b41d-e31d2df47ae0,
2025-08-14 18:31:13,HEALTHVU,5936,"Were these interactions with children, adults, or both?",radio,,true,Not applicable (I was not in a group since the last EMA),2a40fc5f-e0d2-4111-b1dc-821bb9e01d1b,
2025-08-13 12:05:31,HEALTHVU,5936,Where did these interactions take place?,radio,,true,Not applicable (no new interactions to report),4aa73a71-c0b0-44b2-99fe-f9687ae23926,
2025-08-13 18:31:50,HEALTHVU,5932,Incentives Earned,Incentives,,true,$43.00,9c913cac-35ad-43a7-9b0f-52178cce64f3,
2025-08-12 16:38:45,HEALTHVU,5936,Incentives Earned,Incentives,,true,$5.00,c9fdb990-6e43-4c23-bf8e-41f5c59ca362,
2025-08-13 12:05:31,HEALTHVU,5936,Time the diary was completed,end_time,,true,2025-08-13T08:05:29.972576,fe6b93c0-79fa-4c03-ac0a-04ab73058c4d,
2025-08-14 01:18:58,HEALTHVU,5932,"Since the last EMA survey, how many new people have you interacted with in-person who don't know well enough to name? For example, customers at a cash register, staffing a table at an event, or similar?",text,,true,0,210a9900-7524-44ca-b180-52923d8b703d,
2025-08-12 18:31:08,HEALTHVU,5932,Incentives Earned,Incentives,,true,$13.00,fee81ec4-e058-4162-b716-677d2ad2bea6,
2025-08-15 14:23:34,HEALTHVU,5877,Where did these interactions take place?,radio,,true,Not applicable (no new interactions to report),6b425e18-51f3-4772-ab12-179c464a6bf3,
2025-08-14 21:21:40,HEALTHVU,5936,"Since the last EMA survey, did you spend time in any groups where you shared space with people you couldn't name individually?",radio,,true,No,b6928c51-9b5c-4924-8e77-d20a63976d69,
2025-08-13 13:39:47,HEALTHVU,5936,Incentives Earned,Incentives,,true,$9.00,9f9f9625-d40f-42e6-9737-36c79c8067e0,
2025-08-14 12:09:41,HEALTHVU,5936,"Since the last EMA survey, how many new people have you interacted with in-person who don't know well enough to name? For example, customers at a cash register, staffing a table at an event, or similar?",text,,true,0,456a69af-b4aa-46d3-bf3c-892edd01b164,
2025-08-15 02:04:23,HEALTHVU,5936,Where did these interactions take place?,radio,,true,Not applicable (no new interactions to report),ca3ec285-d1d1-4e85-90c7-b642c44d5dea,
2025-08-13 13:40:29,HEALTHVU,5932,Incentives Earned,Incentives,,true,$27.00,2ca25afd-6df7-4c88-a4a6-c68b643c2837,
2025-08-14 02:01:46,HEALTHVU,5936,Time the diary was completed,end_time,,true,2025-08-13T22:01:44.977556,caa4145f-f415-4ebb-8af7-374cadc62daf,
2025-08-12 15:07:44,HEALTHVU,5932,"Were these interactions with children, adults, or both?",radio,,true,Not applicable (I was not in a group since the last EMA),a104d84a-01ed-4ecc-9a6e-aecae28919fb,
2025-08-13 16:44:34,HEALTHVU,5936,Current location,location,,true,"latitude: 33.86245359376168, longitude: -84.26032685501144",097e8927-7047-4c33-b693-a861df64be82,
2025-08-14 15:11:48,HEALTHVU,5936,"Were these interactions with children, adults, or both?",radio,,true,Not applicable (I was not in a group since the last EMA),beae298b-8405-4934-b2c1-e8d06b2c890f,
2025-08-13 15:26:47,HEALTHVU,5936,Where did these interactions take place?,radio,,true,Fully indoors,b9d724b7-46e9-4e54-bf25-c14f4fc6f45b,
2025-08-13 19:49:13,HEALTHVU,5936,Incentives Earned,Incentives,,true,$15.00,9a11f828-9225-467f-98ca-8264210ebdba,
2025-08-13 13:40:28,HEALTHVU,5932,"Since the last EMA survey, did you spend time in any groups where you shared space with people you couldn't name individually?",radio,,true,No,dbe4ad47-6899-40bc-8736-766371595d1a,
2025-08-14 22:57:05,HEALTHVU,5936,Time the diary was completed,end_time,,true,2025-08-14T18:57:04.048547,46814969-d137-47da-aad8-acd52d253a26,
2025-08-12 20:14:18,HEALTHVU,5932,Current location,location,,true,"latitude: 34.05267401642713, longitude: -84.78078844168509",9a5b6c01-444c-442b-8b15-22857b00ce93,
2025-08-12 13:35:34,HEALTHVU,5932,Time the diary was completed,end_time,,true,2025-08-12T09:35:33.478629,0363f023-01bf-4df2-b953-508a4dd62abd,
2025-08-14 18:31:13,HEALTHVU,5936,"Since the last EMA survey, did you spend time in any groups where you shared space with people you couldn't name individually?",radio,,true,No,77eda25a-d68d-4128-bc6e-d060fe0a9d85,
2025-08-13 01:19:33,HEALTHVU,5932,"Since the last EMA survey, how many new people have you interacted with in-person who don't know well enough to name? For example, customers at a cash register, staffing a table at an event, or similar?",text,,true,0,ed890d3f-349e-498c-baa0-f5bb23d73067,
2025-08-12 15:07:44,HEALTHVU,5932,"Were these interactions with children/teenagers, adults, or both?",radio,,true,Not applicable (no new interactions to report),4ae835f9-8547-4a82-ab98-77b40b8e40fe,
2025-08-14 13:45:12,HEALTHVU,5936,"Since the last EMA survey, did you spend time in any groups where you shared space with people you couldn't name individually?",radio,,true,No,c8b5d1bf-eee7-4c34-97c7-2d796037b9fd,
2025-08-14 15:11:48,HEALTHVU,5936,"Were these interactions with children/teenagers, adults, or both?",radio,,true,Not applicable (no new interactions to report),d0d52de5-252a-4a9a-9d75-6ee63bfdd2a9,
2025-08-13 18:31:48,HEALTHVU,5932,Time the diary was completed,end_time,,true,2025-08-13T14:31:46.744852,9cdb1150-9241-48a0-a998-4a1d9b7a4ea7,
2025-08-12 23:36:55,HEALTHVU,5932,Time the diary was started,start_time,,true,2025-08-12T19:36:12.014926,0a0129f7-7e6c-4817-87db-e24347a78d5b,
2025-08-13 03:00:54,HEALTHVU,5932,How many other people were you around?,radio,,true,Not applicable (I was not in a group since the last EMA),d535dbd5-4d1d-4360-b7ac-11c27cd06460,
2025-08-14 16:44:31,HEALTHVU,5936,Time the diary was completed,end_time,,true,2025-08-14T12:44:30.045495,069a1efb-d341-4c38-a28f-fa7c708310cd,
2025-08-12 23:36:55,HEALTHVU,5932,Time the diary was completed,end_time,,true,2025-08-12T19:36:54.058501,ce5ea0d8-d01d-4c01-a5e4-154822addfbe,
2025-08-13 20:12:44,HEALTHVU,5932,Time the diary was started,start_time,,true,2025-08-13T16:12:07.893265,1c2d1bd2-26f0-4b04-b27c-a958c68a6808,
2025-08-14 22:57:05,HEALTHVU,5936,"Were these interactions with children/teenagers, adults, or both?",radio,,true,Not applicable (no new interactions to report),f477bf70-c7fb-4e5e-8b47-8601bb01239b,
2025-08-12 18:31:06,HEALTHVU,5932,Where did these interactions take place?,radio,,true,Not applicable (no new interactions to report),62b763d4-258c-4339-8e0e-c2ba95631b4a,
2025-08-13 23:37:28,HEALTHVU,5932,"Were these interactions with children, adults, or both?",radio,,true,Not applicable (I was not in a group since the last EMA),05150ff2-066f-45ad-8073-542bd5069369,
2025-08-14 12:09:41,HEALTHVU,5936,"Were these interactions with children/teenagers, adults, or both?",radio,,true,Not applicable (no new interactions to report),f5b31a92-7bf7-4f76-8d5e-8bc75283603c,
2025-08-13 21:23:37,HEALTHVU,5936,"Were these interactions with children, adults, or both?",radio,,true,Not applicable (I was not in a group since the last EMA),16a64ba0-ceaa-4f6a-91f6-2c8ea86a4647,
2025-08-13 12:05:31,HEALTHVU,5936,Time the diary was started,start_time,,true,2025-08-13T08:03:11.441399,b409702a-0a5e-465e-89c5-b8f4d0db5b98,
2025-08-13 15:26:47,HEALTHVU,5936,Time the diary was started,start_time,,true,2025-08-13T11:23:53.254372,fcd78739-6db9-45c2-9b29-83ed9dcaf9c6,
2025-08-13 16:44:34,HEALTHVU,5936,"Since the last EMA survey, how many new people have you interacted with in-person who don't know well enough to name? For example, customers at a cash register, staffing a table at an event, or similar?",text,,true,"0
",a6041c35-3e39-4878-8ecf-b1926440b97f,
2025-08-13 11:43:19,HEALTHVU,5932,"Since the last EMA survey, how many new people have you interacted with in-person who don't know well enough to name? For example, customers at a cash register, staffing a table at an event, or similar?",text,,true,0,37e42c66-1b92-4316-b9dc-fedec5648162,
2025-08-14 20:02:12,HEALTHVU,5936,How many other people were you around?,radio,,true,Not applicable (I was not in a group since the last EMA),429bee0f-f2a3-48ee-9b90-27f81c8d3344,
2025-08-12 23:36:55,HEALTHVU,5932,How many other people were you around?,radio,,true,Not applicable (I was not in a group since the last EMA),c62150a7-22e2-48ae-ba7c-927ad2e58ced,
2025-08-13 12:05:33,HEALTHVU,5936,Incentives Earned,Incentives,,true,$7.00,61b2e8d6-9fea-4157-9043-d1424bf70967,
2025-08-13 18:31:48,HEALTHVU,5932,"Were these interactions with children, adults, or both?",radio,,true,Not applicable (I was not in a group since the last EMA),71dfa84e-22a0-4b98-8ce5-128350e1b915,
2025-08-14 02:01:46,HEALTHVU,5936,"Since the last EMA survey, did you spend time in any groups where you shared space with people you couldn't name individually?",radio,,true,No,165d5127-01c8-4b76-8d98-04751f575574,
2025-08-13 23:38:56,HEALTHVU,5932,"Since the last EMA survey, did you spend time in any groups where you shared space with people you couldn't name individually?",radio,,true,No,567c62d7-6abc-46c7-83d5-ed2424961a66,
2025-08-13 13:40:28,HEALTHVU,5932,"Since the last EMA survey, how many new people have you interacted with in-person who don't know well enough to name? For example, customers at a cash register, staffing a table at an event, or similar?",text,,true,0,3b70c345-ebfb-4bf8-9960-7180344571c7,
2025-08-13 21:23:37,HEALTHVU,5936,Current location,location,,true,"latitude: 33.86245359376168, longitude: -84.26032685501144",4f291904-5c6f-48cf-871b-97864f296ecf,
2025-08-14 21:21:40,HEALTHVU,5936,Where did these interactions take place?,radio,,true,Not applicable (no new interactions to report),a3496d75-6bca-4bb0-a6fb-aade7b3f6537,
2025-08-15 14:23:34,HEALTHVU,5877,Current location,location,,true,"latitude: 34.01358746455803, longitude: -84.3932333495607",242bcca4-dd6e-4a77-8c09-a27758ddfb3d,
2025-08-14 20:02:12,HEALTHVU,5936,"Since the last EMA survey, did you spend time in any groups where you shared space with people you couldn't name individually?",radio,,true,No,983c6032-5a57-43d1-84b6-c45afa7d72e5,
2025-08-13 13:40:28,HEALTHVU,5932,"Were these interactions with children, adults, or both?",radio,,true,Not applicable (I was not in a group since the last EMA),6efa62c6-6546-4777-b039-2cd6ef1c07f5,
2025-08-12 13:35:34,HEALTHVU,5932,Where did these interactions take place?,radio,,true,Not applicable (no new interactions to report),0c163da4-3b8f-4aff-958c-51ade2e65806,
2025-08-13 23:12:18,HEALTHVU,5936,Please answer the survey below,webview,,true,Start: 2025-08-13 19:09:07.503471 | End: 2025-08-13 19:11:25.617266,f144b941-f474-4239-921d-a13ec937c619,
2025-08-13 19:49:12,HEALTHVU,5936,Please answer the survey below,webview,,true,Start: 2025-08-13 14:30:07.317546 | End: 2025-08-13 14:30:31.989414,2b5740af-6199-4952-8856-01fd46caa521,
2025-08-11 22:11:46,HEALTHVU,5932,Current location,location,,true,"latitude: 34.052674138049376, longitude: -84.78078837648012",ec2960a0-d02e-4307-b564-4c80fe39f03d,
2025-08-13 03:00:54,HEALTHVU,5932,"Were these interactions with children/teenagers, adults, or both?",radio,,true,Not applicable (no new interactions to report),3f2019db-141b-4e1d-a317-d47093ed78bf,
2025-08-13 16:44:34,HEALTHVU,5936,Time the diary was completed,end_time,,true,2025-08-13T12:44:32.803242,25a39201-95af-493d-984a-472bd1028aee,
2025-08-12 15:07:44,HEALTHVU,5932,Time the diary was started,start_time,,true,2025-08-12T11:06:06.969477,54f76cc4-1f12-4788-9276-d41a2e998b1f,
2025-08-14 21:21:42,HEALTHVU,5936,Incentives Earned,Incentives,,true,$49.00,23cdb33e-2cd6-49aa-b598-574e89ae3f1f,
2025-08-14 16:44:31,HEALTHVU,5936,"Since the last EMA survey, how many new people have you interacted with in-person who don't know well enough to name? For example, customers at a cash register, staffing a table at an event, or similar?",text,,true,2,d261ab8f-cac1-487e-bd41-75427d234a03,
2025-08-13 01:19:33,HEALTHVU,5932,"Were these interactions with children/teenagers, adults, or both?",radio,,true,Not applicable (no new interactions to report),6e9f5200-3bfb-4c98-b5e3-1366c3b8035d,
2025-08-13 11:43:19,HEALTHVU,5932,How many other people were you around?,radio,,true,Not applicable (I was not in a group since the last EMA),bdaea81c-22a8-46ab-b369-794a74f58bca,
2025-08-14 13:45:12,HEALTHVU,5936,"Since the last EMA survey, how many new people have you interacted with in-person who don't know well enough to name? For example, customers at a cash register, staffing a table at an event, or similar?",text,,true,0,eb3a0c41-061e-44e0-9cd6-6793f2ee3427,
2025-08-14 00:27:57,HEALTHVU,5936,Current location,location,,true,"latitude: 33.86245359376168, longitude: -84.26032685501144",84a5c423-9a8c-4465-8fcf-00093e50f3b3,
2025-08-13 16:44:34,HEALTHVU,5936,Time the diary was started,start_time,,true,2025-08-13T12:42:41.965461,bdeccdcf-141b-4590-bc6e-f4777ed8fa2e,
2025-08-14 16:44:33,HEALTHVU,5936,Incentives Earned,Incentives,,true,$43.00,d2585074-5c5d-4e16-9d1f-e1a30599c703,
2025-08-13 13:40:28,HEALTHVU,5932,Please answer the survey below,webview,,true,Start: 2025-08-13 09:39:17.605451 | End: 2025-08-13 09:39:56.733482,7b096719-d44a-45b6-b66a-1b5d8100b6d6,
2025-08-14 20:02:12,HEALTHVU,5936,Time the diary was started,start_time,,true,2025-08-14T16:01:26.834138,d78bd32b-75e9-4d4b-bbae-70e5e3134d82,
2025-08-15 02:04:23,HEALTHVU,5936,How many other people were you around?,radio,,true,Not applicable (I was not in a group since the last EMA),57f86d14-260f-4900-93ee-b4e1e1957878,
2025-08-13 18:31:48,HEALTHVU,5932,Time the diary was started,start_time,,true,2025-08-13T14:30:32.745676,114d7d10-e793-4142-bf93-f4b53c9fa6a5,
2025-08-13 20:12:44,HEALTHVU,5932,Please answer the survey below,webview,,true,Start: 2025-08-13 16:12:09.620216 | End: 2025-08-13 16:12:23.808650,d94b26e0-998b-46b0-9d9a-10b00f429804,
2025-08-14 22:57:05,HEALTHVU,5936,Where did these interactions take place?,radio,,true,Not applicable (no new interactions to report),8b8ab244-46f1-42bf-9c17-2a15b43d7f11,
2025-08-13 15:26:47,HEALTHVU,5936,Current location,location,,true,"latitude: 33.862425636277855, longitude: -84.26014009226425",0310ad24-0079-4a18-aeff-4ff676425cfe,
2025-08-13 19:49:12,HEALTHVU,5936,Time the diary was completed,end_time,,true,2025-08-13T15:49:10.006915,ee147110-96ba-4392-aa2b-cb6f9d9470f2,
2025-08-12 20:14:18,HEALTHVU,5932,"Since the last EMA survey, how many new people have you interacted with in-person who don't know well enough to name? For example, customers at a cash register, staffing a table at an event, or similar?",text,,true,0,05917f1c-1024-41c9-a064-d8ac11280e7c,
2025-08-13 15:26:47,HEALTHVU,5936,Please answer the survey below,webview,,true,Start: 2025-08-13 11:23:55.254543 | End: 2025-08-13 11:24:15.639764,8f2af11e-831d-4503-8c7a-b07e0bd65f1b,
2025-08-14 16:44:31,HEALTHVU,5936,Please answer the survey below,webview,,true,Start: 2025-08-14 12:42:42.384442 | End: 2025-08-14 12:43:35.364556,ef609b9d-6afb-480e-85a0-cb841c6b59cb,
2025-08-12 16:50:12,HEALTHVU,5932,Please answer the survey below,webview,,true,Start: 2025-08-12 12:48:37.837462 | End: 2025-08-12 12:49:04.394704,3a953884-0597-4d42-9661-39d2e6b306aa,
2025-08-13 11:43:20,HEALTHVU,5932,Incentives Earned,Incentives,,true,$25.00,80af81c1-5cf3-4a52-be25-92b5c8386b21,
2025-08-13 03:00:56,HEALTHVU,5932,Incentives Earned,Incentives,,true,$23.00,f4ed5b41-5f7b-4c60-8ddb-a8b75623fa85,
2025-08-14 21:21:40,HEALTHVU,5936,"Were these interactions with children/teenagers, adults, or both?",radio,,true,Not applicable (no new interactions to report),acd18a46-401f-4b2d-9b77-00bb7146d70e,
2025-08-15 14:23:34,HEALTHVU,5877,"Since the last EMA survey, did you spend time in any groups where you shared space with people you couldn't name individually?",radio,,true,No,5d76a0ce-2762-4d58-bf5a-15cd96d162c0,
2025-08-13 19:49:12,HEALTHVU,5936,"Since the last EMA survey, how many new people have you interacted with in-person who don't know well enough to name? For example, customers at a cash register, staffing a table at an event, or similar?",text,,true,"0
",f9d12fa6-f5a9-41f0-ace2-d8f0f5690ac8,
2025-08-14 00:27:57,HEALTHVU,5936,Time the diary was completed,end_time,,true,2025-08-13T20:27:56.674293,9e4b1a5a-10cc-424c-8dd2-4755088dec56,
2025-08-13 23:37:28,HEALTHVU,5932,Please answer the survey below,webview,,true,Start: 2025-08-13 19:36:19.303428 | End: 2025-08-13 19:37:01.213239,10c7a668-6ed7-40bc-b69e-d06f2506511b,
2025-08-13 20:12:44,HEALTHVU,5932,"Since the last EMA survey, did you spend time in any groups where you shared space with people you couldn't name individually?",radio,,true,No,781635ea-dcdd-4bfa-9c74-4c47dab8adc7,
2025-08-13 23:12:18,HEALTHVU,5936,"Since the last EMA survey, did you spend time in any groups where you shared space with people you couldn't name individually?",radio,,true,No,926e1ab6-244c-4de7-9bee-e113b07afddf,
2025-08-13 23:38:56,HEALTHVU,5932,Where did these interactions take place?,radio,,true,Not applicable (no new interactions to report),eeea0e61-9cc3-4488-b77b-ce6591990b9e,
2025-08-15 14:23:34,HEALTHVU,5877,Please answer the survey below,webview,,true,Start: 2025-08-15 10:21:20.018415 | End: 2025-08-15 10:22:23.897126,2a4b86be-0531-4d3b-a8f1-5b2814552fc9,
2025-08-12 22:10:18,HEALTHVU,5932,"Since the last EMA survey, did you spend time in any groups where you shared space with people you couldn't name individually?",radio,,true,No,dcad899d-c208-4cbe-875d-b69f111f3326,
2025-08-13 13:39:45,HEALTHVU,5936,"Were these interactions with children/teenagers, adults, or both?",radio,,true,All adults,e8222673-f160-49bd-8e1d-e357dbb7e869,
2025-08-14 15:11:50,HEALTHVU,5936,Incentives Earned,Incentives,,true,$41.00,f04ec1a5-fa92-414c-b823-4c2ea7df58d4,
2025-08-14 21:21:40,HEALTHVU,5936,Time the diary was completed,end_time,,true,2025-08-14T17:21:39.085717,23057422-c013-4d55-875a-61741a5b5aad,
2025-08-13 13:39:45,HEALTHVU,5936,Where did these interactions take place?,radio,,true,Fully indoors,2ac637b9-329c-426e-8374-55227d9443cd,
2025-08-13 19:49:12,HEALTHVU,5936,"Were these interactions with children, adults, or both?",radio,,true,All adults,1e4d50bd-c475-4c18-9543-dd8d01438a48,
2025-08-13 01:19:33,HEALTHVU,5932,"Since the last EMA survey, did you spend time in any groups where you shared space with people you couldn't name individually?",radio,,true,No,0f74bd14-aad1-4987-a364-5d966a3d74cc,
2025-08-13 23:37:28,HEALTHVU,5932,How many other people were you around?,radio,,true,Not applicable (I was not in a group since the last EMA),1dda312f-6925-4c12-9165-8d5747dbdb5b,
2025-08-13 23:12:20,HEALTHVU,5936,Incentives Earned,Incentives,,true,$21.00,08fd494d-2763-47bc-b51c-99b9490a810d,
2025-08-14 02:01:48,HEALTHVU,5936,Incentives Earned,Incentives,,true,$25.00,9cffb559-7dfa-49a6-acbc-b4297d6129d3,
2025-08-13 11:43:19,HEALTHVU,5932,"Were these interactions with children, adults, or both?",radio,,true,Not applicable (I was not in a group since the last EMA),cb02214b-d844-4248-8031-25f6fc457e37,
2025-08-14 13:45:12,HEALTHVU,5936,"Were these interactions with children/teenagers, adults, or both?",radio,,true,Not applicable (no new interactions to report),ef4001e9-d6b9-4211-81ef-b9ae20dd59c9,
2025-08-14 18:31:14,HEALTHVU,5936,Incentives Earned,Incentives,,true,$45.00,ecfa5e6f-30d8-4120-9844-81fa6b3c9e08,
2025-08-13 19:51:03,HEALTHVU,5936,Time the diary was started,start_time,,true,2025-08-13T15:50:06.749906,0961934e-c028-41d3-9433-3fc2a3bb3886,
2025-08-13 01:19:33,HEALTHVU,5932,Time the diary was completed,end_time,,true,2025-08-12T21:19:31.573143,318b966d-9b30-4112-86e8-3172bc50a29e,
2025-08-14 02:01:46,HEALTHVU,5936,Where did these interactions take place?,radio,,true,Not applicable (no new interactions to report),7c430c42-978e-4129-8728-0a407565caea,
2025-08-12 23:36:55,HEALTHVU,5932,Current location,location,,true,"latitude: 34.05267401642713, longitude: -84.78078844168509",ebc1da2d-d165-48fa-8fe4-cdaf531ccde4,
2025-08-13 20:12:44,HEALTHVU,5932,"Were these interactions with children, adults, or both?",radio,,true,Not applicable (I was not in a group since the last EMA),d1d86bfc-8006-4cd5-9ee7-5d4b9a656a9a,
2025-08-15 15:41:37,HEALTHVU,5877,"Since the last EMA survey, did you spend time in any groups where you shared space with people you couldn't name individually?",radio,,true,No,2f678d09-8bd8-409b-94e6-9687669a37ac,
2025-08-13 16:44:34,HEALTHVU,5936,Where did these interactions take place?,radio,,true,Not applicable (no new interactions to report),f78a4762-3bd3-4940-b51b-5e595cc49c20,
2025-08-12 16:50:14,HEALTHVU,5932,Incentives Earned,Incentives,,true,$11.00,2c88f78e-deab-4697-b965-656e162eeb1c,
2025-08-13 12:05:31,HEALTHVU,5936,"Were these interactions with children, adults, or both?",radio,,true,Not applicable (I was not in a group since the last EMA),9c5ce25e-750b-41a5-b456-cb2f0c5173f9,
2025-08-12 22:10:20,HEALTHVU,5932,Incentives Earned,Incentives,,true,$17.00,751bdb60-4b5a-436a-89cb-dfc2bc87cc8d,
2025-08-13 16:44:34,HEALTHVU,5936,Please answer the survey below,webview,,true,Start: 2025-08-13 12:42:42.991859 | End: 2025-08-13 12:43:46.506451,dead967a-0b55-4b05-86a6-023e57d98924,
2025-08-13 01:19:33,HEALTHVU,5932,Please answer the survey below,webview,,true,Start: 2025-08-12 21:18:21.527349 | End: 2025-08-12 21:18:56.395771,8b8f7361-1a6d-463a-a908-cdd841dfd53d,
2025-08-13 23:37:28,HEALTHVU,5932,"Since the last EMA survey, did you spend time in any groups where you shared space with people you couldn't name individually?",radio,,true,No,c5e1abff-c9b7-4caa-aa0d-a895d8ccd4f1,
2025-08-13 23:37:28,HEALTHVU,5932,Where did these interactions take place?,radio,,true,Not applicable (no new interactions to report),e870595e-1e66-433a-90da-1cefee4d28bb,
2025-08-15 00:31:36,HEALTHVU,5936,Incentives Earned,Incentives,,true,$53.00,9c9dff4a-bef7-4196-b9f1-4cda38bdcd46,
2025-08-14 22:57:05,HEALTHVU,5936,"Were these interactions with children, adults, or both?",radio,,true,Not applicable (I was not in a group since the last EMA),a2385967-071d-49b2-b6a2-cdfcbce991c7,
2025-08-13 20:12:44,HEALTHVU,5932,Where did these interactions take place?,radio,,true,Not applicable (no new interactions to report),51d3354b-6da7-4f66-a2ad-fc5c9bcb6165,
2025-08-13 16:49:05,HEALTHVU,5932,"Were these interactions with children/teenagers, adults, or both?",radio,,true,Not applicable (no new interactions to report),3f96a7c1-8d55-4c81-91a2-cb2f4d41327a,
2025-08-13 20:12:44,HEALTHVU,5932,Time the diary was completed,end_time,,true,2025-08-13T16:12:43.249083,0b847ee6-7fb0-4f3f-be2b-082e1939b203,
2025-08-14 18:31:13,HEALTHVU,5936,"Were these interactions with children/teenagers, adults, or both?",radio,,true,Not applicable (no new interactions to report),8902a9a0-446f-4360-8c17-40a66265b650,
2025-08-12 23:36:55,HEALTHVU,5932,Where did these interactions take place?,radio,,true,Not applicable (no new interactions to report),b5ada07b-53cc-4360-b3a8-2a42f105005c,
2025-08-13 12:05:31,HEALTHVU,5936,"Since the last EMA survey, how many new people have you interacted with in-person who don't know well enough to name? For example, customers at a cash register, staffing a table at an event, or similar?",text,,true,0,e7c9b597-7cfe-4764-925b-be628b7418d8,
2025-08-13 13:40:28,HEALTHVU,5932,How many other people were you around?,radio,,true,Not applicable (I was not in a group since the last EMA),9e7b90ad-8003-4def-a8dd-35d71cc8eafd,
2025-08-15 00:31:34,HEALTHVU,5936,"Since the last EMA survey, how many new people have you interacted with in-person who don't know well enough to name? For example, customers at a cash register, staffing a table at an event, or similar?",text,,true,"0
",1f421e96-f653-4499-aeb3-a6ebf5eebedb,
2025-08-15 15:41:37,HEALTHVU,5877,Where did these interactions take place?,radio,,true,Fully indoors,ccae1d7f-1c0a-4ea6-ba0c-feb07960e0ef,
2025-08-13 16:49:05,HEALTHVU,5932,Please answer the survey below,webview,,true,Start: 2025-08-13 12:48:22.710428 | End: 2025-08-13 12:48:38.194677,c488f8f9-76c1-4698-9c7b-d7a74b7602df,
2025-08-13 15:06:39,HEALTHVU,5932,How many other people were you around?,radio,,true,Not applicable (I was not in a group since the last EMA),c904d781-3324-42fd-a5a5-3704bce2452b,
2025-08-14 18:31:13,HEALTHVU,5936,Time the diary was started,start_time,,true,2025-08-14T14:30:33.409625,5f2319eb-975f-48f3-9f9c-78e86841abe0,
2025-08-13 23:12:18,HEALTHVU,5936,"Were these interactions with children/teenagers, adults, or both?",radio,,true,Not applicable (no new interactions to report),4e5bcc18-e4e1-4673-ae6f-cdc4e2166baa,
2025-08-12 13:35:34,HEALTHVU,5932,"Were these interactions with children, adults, or both?",radio,,true,Not applicable (I was not in a group since the last EMA),a49e81ba-a35e-4dba-a6f5-b6d0c8aa5251,
2025-08-13 22:01:32,HEALTHVU,5932,Where did these interactions take place?,radio,,true,Not applicable (no new interactions to report),abdc6faa-db1a-44d8-9875-56f185cf5aa7,
2025-08-13 13:39:45,HEALTHVU,5936,Current location,location,,true,"latitude: 33.846725277490165, longitude: -84.25628157102301",342fd827-a074-4898-be7c-0679bc0966f7,
2025-08-12 13:35:34,HEALTHVU,5932,How many other people were you around?,radio,,true,Not applicable (I was not in a group since the last EMA),2ddd117b-6ebf-4086-b35f-b9561058284d,
2025-08-14 15:11:48,HEALTHVU,5936,How many other people were you around?,radio,,true,Not applicable (I was not in a group since the last EMA),c7ba9d66-2fa3-4d7c-a066-1b1119ce555c,
2025-08-13 23:37:28,HEALTHVU,5932,"Were these interactions with children/teenagers, adults, or both?",radio,,true,Not applicable (no new interactions to report),52e24d26-f264-4b8e-9ee4-62f97930be74,
2025-08-13 15:06:39,HEALTHVU,5932,"Were these interactions with children/teenagers, adults, or both?",radio,,true,Not applicable (no new interactions to report),2ce4eeb6-b61e-47fc-baea-89a9a0d9de1e,
2025-08-12 23:36:55,HEALTHVU,5932,"Were these interactions with children/teenagers, adults, or both?",radio,,true,Not applicable (no new interactions to report),a832436e-48dd-49c3-baee-fc82a0c18226,
2025-08-14 20:02:12,HEALTHVU,5936,Where did these interactions take place?,radio,,true,Not applicable (no new interactions to report),4268574d-775b-4875-aec9-4eb82188641b,
2025-08-14 12:09:43,HEALTHVU,5936,Incentives Earned,Incentives,,true,$27.00,9196eac6-2028-4bbf-87ba-b588d84f42b9,
2025-08-13 16:49:05,HEALTHVU,5932,Where did these interactions take place?,radio,,true,Not applicable (no new interactions to report),8c4c100e-71b9-46ce-bc03-259eecf3aaea,
2025-08-13 11:43:19,HEALTHVU,5932,"Were these interactions with children/teenagers, adults, or both?",radio,,true,Not applicable (no new interactions to report),5768d35f-6c5c-4f1c-b1ea-3d090d1e6561,
2025-08-15 00:31:34,HEALTHVU,5936,Current location,location,,true,"latitude: 33.86245654343543, longitude: -84.26032624819992",bdc2c0d7-2d76-483c-9ce2-e63dd89bcdbe,
2025-08-13 16:49:05,HEALTHVU,5932,"Were these interactions with children, adults, or both?",radio,,true,Not applicable (I was not in a group since the last EMA),286e84da-2cf5-43b0-b7b8-d38aeae03ac8,
2025-08-13 20:12:44,HEALTHVU,5932,Current location,location,,true,"latitude: 34.05267401642713, longitude: -84.78078844168509",451601a3-2b82-4066-a7da-dd16db2a0b47,
2025-08-13 03:00:54,HEALTHVU,5932,Time the diary was completed,end_time,,true,2025-08-12T23:00:52.584081,ceb80fb6-6d53-4e71-b994-70566f005379,
2025-08-13 15:06:41,HEALTHVU,5932,Incentives Earned,Incentives,,true,$39.00,d5497df5-b364-4b12-ab59-2481f8e3755f,
2025-08-12 23:36:55,HEALTHVU,5932,"Were these interactions with children, adults, or both?",radio,,true,Not applicable (I was not in a group since the last EMA),f8305bae-6939-406c-b2e5-e779cbd2a677,
2025-08-15 15:41:37,HEALTHVU,5877,Time the diary was started,start_time,,true,2025-08-15T11:39:11.858972,bb9eefc9-9f70-4a34-a36b-a0eb55b97c56,
2025-08-13 15:26:47,HEALTHVU,5936,"Were these interactions with children, adults, or both?",radio,,true,All adults,619f5162-84e4-49c1-9f8b-2b62d8bb2f40,
2025-08-13 20:12:44,HEALTHVU,5932,How many other people were you around?,radio,,true,Not applicable (I was not in a group since the last EMA),2129d534-5f4f-475a-9f6f-8439fb257b1d,
2025-08-14 22:57:05,HEALTHVU,5936,Please answer the survey below,webview,,true,Start: 2025-08-14 18:55:00.969539 | End: 2025-08-14 18:56:44.514845,fcbea19f-cf1f-46ff-b222-3f58646394b1,
2025-08-14 13:45:12,HEALTHVU,5936,"Were these interactions with children, adults, or both?",radio,,true,Not applicable (I was not in a group since the last EMA),8c271a23-78f6-4e0b-81f0-ae3b195a77ea,
2025-08-14 18:31:13,HEALTHVU,5936,How many other people were you around?,radio,,true,Not applicable (I was not in a group since the last EMA),7394429c-310a-41b6-9446-56539fe1c9e7,
2025-08-12 22:10:18,HEALTHVU,5932,"Since the last EMA survey, how many new people have you interacted with in-person who don't know well enough to name? For example, customers at a cash register, staffing a table at an event, or similar?",text,,true,0,0d5431ac-bf57-4240-864a-ba35921e5054,
2025-08-13 01:19:33,HEALTHVU,5932,"Were these interactions with children, adults, or both?",radio,,true,Not applicable (I was not in a group since the last EMA),aa8d3f03-53af-46c8-8122-9ef68ccc7ec7,
2025-08-14 21:21:40,HEALTHVU,5936,Current location,location,,true,"latitude: 33.86245654343543, longitude: -84.26032624819992",b83017d2-fb83-4737-9546-7384f76584a5,
2025-08-13 21:23:37,HEALTHVU,5936,"Were these interactions with children/teenagers, adults, or both?",radio,,true,Not applicable (no new interactions to report),b3ef30fd-f9ca-44ea-9861-13dd411c5dd1,
2025-08-14 15:11:48,HEALTHVU,5936,Time the diary was started,start_time,,true,2025-08-14T11:10:54.282936,d5763e8c-bad5-48d8-bbb3-bdccd32fb644,
2025-08-13 15:26:47,HEALTHVU,5936,Time the diary was completed,end_time,,true,2025-08-13T11:26:45.286686,392a06c9-5336-4304-bd75-d9259aac56a5,
2025-08-13 15:26:47,HEALTHVU,5936,"Were these interactions with children/teenagers, adults, or both?",radio,,true,All adults,040bcf75-4879-45ba-a2a1-48357ab2aeca,
2025-08-15 13:18:25,HEALTHVU,5923,Current location,location,,true,"latitude: 30.096434012902602, longitude: -81.50827565340713",6b51a8fd-4104-420e-b268-3f091e85cb1f,
2025-08-14 12:09:41,HEALTHVU,5936,Time the diary was started,start_time,,true,2025-08-14T08:08:06.553859,5e1aae86-e6ba-428c-9efe-227d20cdc4f0,
2025-08-13 01:19:35,HEALTHVU,5932,Incentives Earned,Incentives,,true,$21.00,742472f7-1d2a-427d-bd46-81abad43ca95,
2025-08-13 03:00:54,HEALTHVU,5932,Time the diary was started,start_time,,true,2025-08-12T23:00:13.731400,d64077a8-190a-4b1b-8f0c-a78463c677ce,
2025-08-13 15:26:48,HEALTHVU,5936,Incentives Earned,Incentives,,true,$11.00,525b5e5f-03a5-4775-b0b7-1e876fb4e1db,
2025-08-13 16:44:34,HEALTHVU,5936,"Were these interactions with children/teenagers, adults, or both?",radio,,true,Not applicable (no new interactions to report),434caaf7-2292-4102-8709-bc3841b583e0,
2025-08-14 02:01:46,HEALTHVU,5936,Please answer the survey below,webview,,true,Start: 2025-08-13 22:01:08.646075 | End: 2025-08-13 22:01:21.275002,62449abc-6ffc-4a3e-9b98-f29f99d84ad1,
2025-08-15 13:18:25,HEALTHVU,5923,Time the diary was completed,end_time,,true,2025-08-15T09:18:23.722159,c0e38b9f-f7af-454d-a80f-0b9743ae73f7,
2025-08-12 22:10:18,HEALTHVU,5932,"Were these interactions with children, adults, or both?",radio,,true,Not applicable (I was not in a group since the last EMA),ec812b27-91a8-4c16-8b96-13ec57c255ae,
2025-08-15 00:31:34,HEALTHVU,5936,Where did these interactions take place?,radio,,true,Not applicable (no new interactions to report),7b49093f-df58-45d2-a663-21574462bd79,
2025-08-12 13:35:34,HEALTHVU,5932,"Were these interactions with children/teenagers, adults, or both?",radio,,true,Not applicable (no new interactions to report),1f6746f9-724a-47f3-9478-47c95be41258,
2025-08-15 14:23:34,HEALTHVU,5877,How many other people were you around?,radio,,true,Not applicable (I was not in a group since the last EMA),7bd3d559-c40e-4736-b45f-a128794a8895,
2025-08-14 16:44:31,HEALTHVU,5936,Where did these interactions take place?,radio,,true,Fully indoors,e8151cbf-ff1e-49e8-af6c-e916e476597b,
2025-08-14 21:21:40,HEALTHVU,5936,Time the diary was started,start_time,,true,2025-08-14T17:21:07.480823,a69c73ea-63fc-49ca-b563-4bd970d58e7d,
2025-08-14 20:02:12,HEALTHVU,5936,"Were these interactions with children, adults, or both?",radio,,true,Not applicable (I was not in a group since the last EMA),1d5ce5f9-2c19-407f-878e-e8edd49930c7,
2025-08-12 15:07:44,HEALTHVU,5932,"Since the last EMA survey, how many new people have you interacted with in-person who don't know well enough to name? For example, customers at a cash register, staffing a table at an event, or similar?",text,,true,0,670ffd46-76ff-4d6f-8d81-dc098476ec9f,
2025-08-13 22:01:32,HEALTHVU,5932,How many other people were you around?,radio,,true,Not applicable (I was not in a group since the last EMA),0fe075b2-19ec-4f5c-9945-1791f31fe834,
2025-08-13 19:51:03,HEALTHVU,5936,How many other people were you around?,radio,,true,Not applicable (I was not in a group since the last EMA),c6220279-9122-4edf-9cd0-366f40cfb3fa,
2025-08-14 00:27:57,HEALTHVU,5936,Please answer the survey below,webview,,true,Start: 2025-08-13 20:27:06.461085 | End: 2025-08-13 20:27:17.328163,2dc2f879-ddf3-4444-b4a5-d679975f0b3a,
2025-08-13 23:12:18,HEALTHVU,5936,How many other people were you around?,radio,,true,Not applicable (I was not in a group since the last EMA),8b98c7c5-44a0-4ac8-958f-a4caeb5ba183,
2025-08-13 13:39:45,HEALTHVU,5936,Time the diary was completed,end_time,,true,2025-08-13T09:39:41.926455,f43cb2e4-bcd6-40e4-a1fd-0b5911344b55,
2025-08-13 12:05:31,HEALTHVU,5936,How many other people were you around?,radio,,true,Not applicable (I was not in a group since the last EMA),7995b5b0-75bd-4418-8933-26e88d7bfcda,
2025-08-13 16:49:06,HEALTHVU,5932,Incentives Earned,Incentives,,true,$41.00,17b2cf1f-75ec-48b9-a494-41f75256d403,
2025-08-13 15:26:47,HEALTHVU,5936,How many other people were you around?,radio,,true,20-49,1f877d06-8c05-44ac-bee1-e9ac012593ac,
2025-08-13 18:31:48,HEALTHVU,5932,Current location,location,,true,"latitude: 34.05267401642713, longitude: -84.78078844168509",50dc95bf-841d-4c84-84d8-44ff38774fb6,
2025-08-12 20:14:18,HEALTHVU,5932,Please answer the survey below,webview,,true,Start: 2025-08-12 16:13:33.094099 | End: 2025-08-12 16:13:47.198092,2e7597d6-31e2-4888-bcca-c5a417c2de57,
2025-08-15 15:41:37,HEALTHVU,5877,"Since the last EMA survey, how many new people have you interacted with in-person who don't know well enough to name? For example, customers at a cash register, staffing a table at an event, or similar?",text,,true,1,4980a995-d90d-4ef3-8f47-803d95662876,
2025-08-13 23:12:18,HEALTHVU,5936,Time the diary was started,start_time,,true,2025-08-13T19:09:06.183522,83853fd5-cb31-4790-b8ec-769217e25644,
2025-08-13 23:38:56,HEALTHVU,5932,Please answer the survey below,webview,,true,Start: 2025-08-13 19:36:19.303428 | End: 2025-08-13 19:37:01.213239,19bf6830-6d54-4081-8d57-f7b5ae8f5733,
2025-08-14 22:57:05,HEALTHVU,5936,"Since the last EMA survey, how many new people have you interacted with in-person who don't know well enough to name? For example, customers at a cash register, staffing a table at an event, or similar?",text,,true,0,ff56fcb0-577a-4f74-b059-0a3ed2ba0ff1,
2025-08-14 00:27:57,HEALTHVU,5936,"Were these interactions with children/teenagers, adults, or both?",radio,,true,Not applicable (no new interactions to report),775cc483-4787-4409-99c2-de9ec577003f,
2025-08-14 01:19:00,HEALTHVU,5932,Incentives Earned,Incentives,,true,$51.00,311c7cb7-b3fa-4d7d-8eec-69c3889e28b7,
2025-08-15 02:04:25,HEALTHVU,5936,Incentives Earned,Incentives,,true,$55.00,1e988a27-a8df-4e9a-be65-d686e0c0f90d,
2025-08-11 22:11:46,HEALTHVU,5932,Time the diary was completed,end_time,,true,2025-08-11T18:11:42.487094,c14a1a4e-aaee-4ffb-ad18-ade86b238169,
2025-08-14 22:57:05,HEALTHVU,5936,Time the diary was started,start_time,,true,2025-08-14T18:54:59.798741,d62d6918-0687-44d7-8f6c-66ce17eb002d,
2025-08-14 15:11:48,HEALTHVU,5936,Where did these interactions take place?,radio,,true,Not applicable (no new interactions to report),ac4595d0-75e2-4b56-ac87-a57283b5ee3e,
2025-08-14 12:09:41,HEALTHVU,5936,How many other people were you around?,radio,,true,Not applicable (I was not in a group since the last EMA),d40ce560-3350-4ed7-bd7f-028e44d0dfd0,
2025-08-14 01:18:58,HEALTHVU,5932,"Were these interactions with children, adults, or both?",radio,,true,Not applicable (I was not in a group since the last EMA),97aa89ef-0d69-442c-b567-0a26cbd9b315,
2025-08-13 15:06:39,HEALTHVU,5932,Where did these interactions take place?,radio,,true,Not applicable (no new interactions to report),577251fd-d444-447a-9a84-76f695676819,
2025-08-13 23:38:56,HEALTHVU,5932,"Were these interactions with children, adults, or both?",radio,,true,Not applicable (I was not in a group since the last EMA),12b6f86a-cef0-476c-88c4-4fbe00111249,
2025-08-12 22:10:18,HEALTHVU,5932,Time the diary was started,start_time,,true,2025-08-12T18:09:11.040450,46b32235-c576-4907-b06b-0971c9d02463,
2025-08-15 00:31:34,HEALTHVU,5936,Time the diary was started,start_time,,true,2025-08-14T20:30:29.140891,eabf0626-8e4b-4e3e-a9f5-50d9ed3ad27b,
2025-08-11 22:11:46,HEALTHVU,5932,Time the diary was started,start_time,,true,2025-08-11T18:07:15.025011,2f9b248e-668b-4de4-8a56-eccc62114eb2,
2025-08-13 21:23:39,HEALTHVU,5936,Incentives Earned,Incentives,,true,$19.00,9e974fd9-b503-469f-935d-8c85ba57a432,
2025-08-15 15:41:37,HEALTHVU,5877,"Were these interactions with children/teenagers, adults, or both?",radio,,true,All adults,aa94039a-4583-405d-b809-0539f120f4c7,
2025-08-12 20:14:18,HEALTHVU,5932,"Since the last EMA survey, did you spend time in any groups where you shared space with people you couldn't name individually?",radio,,true,No,50e21ad2-e18e-4cb2-88cf-6f454c13f652,
2025-08-13 23:12:18,HEALTHVU,5936,Where did these interactions take place?,radio,,true,Not applicable (no new interactions to report),53f25a8c-4bde-4070-87c9-afcc653d95a7,
2025-08-14 02:01:46,HEALTHVU,5936,"Were these interactions with children, adults, or both?",radio,,true,Not applicable (I was not in a group since the last EMA),882d7ce0-a2e2-4517-bc82-74df8974fa8b,
2025-08-13 19:51:04,HEALTHVU,5936,Incentives Earned,Incentives,,true,$17.00,4fac8116-9ad1-47a7-a5a9-919da056327a,
2025-08-14 13:45:12,HEALTHVU,5936,Please answer the survey below,webview,,true,Start: 2025-08-14 09:43:59.114159 | End: 2025-08-14 09:44:23.727853,d072f47a-9918-4c37-bff5-2ceeb13185d6,
2025-08-13 23:38:56,HEALTHVU,5932,"Since the last EMA survey, how many new people have you interacted with in-person who don't know well enough to name? For example, customers at a cash register, staffing a table at an event, or similar?",text,,true,0,4d4ba73b-7bda-4d8b-87a0-3b931ee6a862,
2025-08-15 02:04:23,HEALTHVU,5936,Please answer the survey below,webview,,true,Start: 2025-08-14 22:03:48.175731 | End: 2025-08-14 22:03:58.817595,e76a58f7-df3c-4553-96a4-82516af060e4,
2025-08-14 01:18:58,HEALTHVU,5932,"Were these interactions with children/teenagers, adults, or both?",radio,,true,Not applicable (no new interactions to report),7eb4d8c5-72cc-4f73-8bac-bf20a81eef41,
2025-08-13 16:44:34,HEALTHVU,5936,How many other people were you around?,radio,,true,Not applicable (I was not in a group since the last EMA),2b3441ce-0ac4-467a-84fb-87f609de12b5,
2025-08-14 18:31:13,HEALTHVU,5936,Current location,location,,true,"latitude: 33.86245654343543, longitude: -84.26032624819992",c8fbf7e3-870b-4eac-a5a2-3e4f4579471e,
2025-08-12 22:10:18,HEALTHVU,5932,Where did these interactions take place?,radio,,true,Not applicable (no new interactions to report),905360e3-ff17-4afb-8443-b9b0707e38b0,
2025-08-15 15:41:39,HEALTHVU,5877,Incentives Earned,Incentives,,true,$9.00,8ff66ffd-c162-4411-a348-fdb7561462bf,
2025-08-12 15:07:44,HEALTHVU,5932,Current location,location,,true,"latitude: 34.05267401642713, longitude: -84.78078844168509",4d5620de-cbf5-486a-9c27-07374d0a178a,
2025-08-13 16:44:36,HEALTHVU,5936,Incentives Earned,Incentives,,true,$13.00,537ed26e-73aa-458b-a792-50681a31c118,
2025-08-13 22:01:32,HEALTHVU,5932,Time the diary was completed,end_time,,true,2025-08-13T18:01:31.142638,6bdd8700-77b4-444d-8985-35756c974343,
2025-08-13 18:31:48,HEALTHVU,5932,How many other people were you around?,radio,,true,Not applicable (I was not in a group since the last EMA),47d5ed4e-b800-4636-934f-a0b9b0b48db1,
2025-08-12 13:35:34,HEALTHVU,5932,"Since the last EMA survey, did you spend time in any groups where you shared space with people you couldn't name individually?",radio,,true,No,1e25a392-13d1-465c-81e0-0d09dd9de92b,
2025-08-13 19:49:12,HEALTHVU,5936,How many other people were you around?,radio,,true,Not applicable (I was not in a group since the last EMA),836c90ae-307d-4a35-9061-d89846376c4e,
2025-08-13 11:43:19,HEALTHVU,5932,Please answer the survey below,webview,,true,Start: 2025-08-13 07:42:13.051561 | End: 2025-08-13 07:42:40.287498,1e5749f8-411f-4ab5-969c-893da157c7b0,
2025-08-15 02:04:23,HEALTHVU,5936,"Were these interactions with children, adults, or both?",radio,,true,Not applicable (I was not in a group since the last EMA),2a5b00c5-5cb9-4245-a9fd-629b9f36a8f7,
2025-08-13 23:12:18,HEALTHVU,5936,Current location,location,,true,"latitude: 33.86245359376168, longitude: -84.26032685501144",0089c6a7-4b35-4488-9687-b22fb999662a,
2025-08-13 21:23:37,HEALTHVU,5936,Where did these interactions take place?,radio,,true,Not applicable (no new interactions to report),97ac1362-f3fd-44b2-b4ba-f4cf2de7ca19,
2025-08-14 12:09:41,HEALTHVU,5936,Where did these interactions take place?,radio,,true,Not applicable (no new interactions to report),e5bb1778-dc95-4f0f-98fb-d830c468d4b3,
2025-08-13 20:12:46,HEALTHVU,5932,Incentives Earned,Incentives,,true,$45.00,1ba309a3-eab9-4971-9244-ee51755a72b7,
2025-08-13 15:06:39,HEALTHVU,5932,Time the diary was started,start_time,,true,2025-08-13T11:06:05.548381,be9b1534-bc2d-4cc1-9423-b7b25e0a3b4a,
2025-08-14 01:18:58,HEALTHVU,5932,"Since the last EMA survey, did you spend time in any groups where you shared space with people you couldn't name individually?",radio,,true,No,88a7d4bf-d2ba-4509-8e3a-e9e09c7ec5ea,
2025-08-14 01:18:58,HEALTHVU,5932,Please answer the survey below,webview,,true,Start: 2025-08-13 21:18:22.291053 | End: 2025-08-13 21:18:33.506424,5d0122f4-986e-4696-8b9f-695c7a4cccb4,
2025-08-14 18:31:13,HEALTHVU,5936,Please answer the survey below,webview,,true,Start: 2025-08-14 14:30:34.432890 | End: 2025-08-14 14:30:44.746028,d679ee68-f917-489d-9afb-5bfb5edbeeaf,
2025-08-13 11:43:19,HEALTHVU,5932,Current location,location,,true,"latitude: 34.05267401642713, longitude: -84.78078844168509",95391929-43a4-47c0-a063-68a9b96cebb7,
2025-08-13 01:19:33,HEALTHVU,5932,Current location,location,,true,"latitude: 34.05267401642713, longitude: -84.78078844168509",128ccef3-d91d-41a2-ad30-acc24b6e6047,
2025-08-14 22:58:01,HEALTHVU,5877,Time the diary was completed,end_time,,true,2025-08-14T18:58:00.604503,ba5138d8-f90a-450f-9b7c-e333a9d3da05,
2025-08-14 22:57:05,HEALTHVU,5936,Current location,location,,true,"latitude: 33.86245654343543, longitude: -84.26032624819992",eba96d60-743d-475a-a88d-5593a48bf662,
2025-08-13 13:40:28,HEALTHVU,5932,Time the diary was completed,end_time,,true,2025-08-13T09:40:28.200705,3f96edf7-6951-4c02-9656-e7ce07ac69dd,
2025-08-13 16:44:34,HEALTHVU,5936,"Since the last EMA survey, did you spend time in any groups where you shared space with people you couldn't name individually?",radio,,true,No,21d2b863-97d4-443e-9d96-bc8cc845a495,
2025-08-13 22:01:32,HEALTHVU,5932,Please answer the survey below,webview,,true,Start: 2025-08-13 18:00:48.535255 | End: 2025-08-13 18:01:01.540758,6c603ed4-d7a4-46e8-a55d-511237268aa6,
2025-08-14 15:11:48,HEALTHVU,5936,"Since the last EMA survey, did you spend time in any groups where you shared space with people you couldn't name individually?",radio,,true,No,7e9881a4-0bd0-494e-a9fb-1a1059005e95,
2025-08-12 16:50:12,HEALTHVU,5932,Time the diary was started,start_time,,true,2025-08-12T12:48:36.268516,e86adaef-2254-4c18-9c6d-ca83f6b22253,
2025-08-13 15:06:39,HEALTHVU,5932,Time the diary was completed,end_time,,true,2025-08-13T11:06:38.231902,b553af5f-642c-41df-9628-5a0a04c19fc2,
2025-08-13 23:38:56,HEALTHVU,5932,Current location,location,,true,"latitude: 34.05267401642713, longitude: -84.78078844168509",18177442-7000-46f9-a054-fabfe4275e9e,
2025-08-15 00:31:34,HEALTHVU,5936,Please answer the survey below,webview,,true,Start: 2025-08-14 20:30:30.209363 | End: 2025-08-14 20:31:05.427160,cfd3b042-aa04-4864-b595-0db841615ff2,
2025-08-13 16:49:05,HEALTHVU,5932,"Since the last EMA survey, how many new people have you interacted with in-person who don't know well enough to name? For example, customers at a cash register, staffing a table at an event, or similar?",text,,true,0,c6a2d4b5-bc3c-4aed-af72-4f5b6fe443dd,
2025-08-14 13:45:14,HEALTHVU,5936,Incentives Earned,Incentives,,true,$39.00,5b3860eb-6e65-4d2c-b5e2-b1e28733f3fa,
2025-08-11 22:11:46,HEALTHVU,5932,"Welcome to the study! Does your ghost have a name? If not, what would you like to name your ghost?",text,,true,This question is very vague and seems a day early. Its unclear if this is part of the study. I interacted with5 family members I love with and a cashier at a grocery store. ,ea458632-f1a4-4450-b3ff-65c4ed352aef,
2025-08-12 16:50:12,HEALTHVU,5932,"Were these interactions with children/teenagers, adults, or both?",radio,,true,All adults,eb8754a4-d819-480b-b5e1-6e376a995f97,
2025-08-12 22:10:18,HEALTHVU,5932,Time the diary was completed,end_time,,true,2025-08-12T18:10:17.209193,01493f69-ee6c-474d-89cf-0546dfb17b4b,
2025-08-14 00:27:57,HEALTHVU,5936,"Since the last EMA survey, how many new people have you interacted with in-person who don't know well enough to name? For example, customers at a cash register, staffing a table at an event, or similar?",text,,true,"0
",d0c8f9ca-0a12-4322-8dc6-55e1778ba8ed,
2025-08-14 13:45:12,HEALTHVU,5936,Current location,location,,true,"latitude: 33.86245359376168, longitude: -84.26032685501144",6c5f8ea4-028d-45a5-b648-a9125a742959,
2025-08-14 16:44:31,HEALTHVU,5936,Time the diary was started,start_time,,true,2025-08-14T12:42:41.364052,40653f8f-1e49-4a8a-9295-76a0a8840049,
2025-08-13 01:19:33,HEALTHVU,5932,Time the diary was started,start_time,,true,2025-08-12T21:18:20.283188,ffbc2514-cc0a-42e0-8522-ed88bb501794,
2025-08-12 22:10:18,HEALTHVU,5932,Please answer the survey below,webview,,true,Start: 2025-08-12 18:09:12.296909 | End: 2025-08-12 18:09:26.105534,893273b4-ecc8-41ba-a163-1b0e8f1a4ef9,
2025-08-12 13:35:36,HEALTHVU,5932,Incentives Earned,Incentives,,true,$7.00,d4dc245b-97f1-4204-802d-23c2ff792476,
2025-08-14 02:01:46,HEALTHVU,5936,Time the diary was started,start_time,,true,2025-08-13T22:01:07.561339,02b10511-419d-445a-a862-4a128aa8ada0,
2025-08-12 18:31:06,HEALTHVU,5932,"Since the last EMA survey, did you spend time in any groups where you shared space with people you couldn't name individually?",radio,,true,No,b683b45b-5315-45fb-80f9-f489263437d3,
2025-08-13 13:39:45,HEALTHVU,5936,Please answer the survey below,webview,,true,Start: 2025-08-13 09:38:18.422914 | End: 2025-08-13 09:38:49.802349,2b5f1ed5-ef38-4078-bd15-ad4ad7950863,
2025-08-14 01:18:58,HEALTHVU,5932,How many other people were you around?,radio,,true,Not applicable (I was not in a group since the last EMA),4b29d921-bf14-4c96-8514-88ce8b0d75fc,
2025-08-12 16:38:43,HEALTHVU,5936,Current location,location,,true,"latitude: 33.86245424823404, longitude: -84.26032652072216",d01af4d8-9daf-4251-8655-fab8ef55e4a7,
2025-08-12 22:10:18,HEALTHVU,5932,"Were these interactions with children/teenagers, adults, or both?",radio,,true,Not applicable (no new interactions to report),777f49d0-bbf8-41e1-8276-457257a6e9d5,
2025-08-14 16:44:31,HEALTHVU,5936,"Since the last EMA survey, did you spend time in any groups where you shared space with people you couldn't name individually?",radio,,true,Yes,43e91809-ef08-4c31-9b5d-266eb896f2d1,
2025-08-13 01:19:33,HEALTHVU,5932,Where did these interactions take place?,radio,,true,Not applicable (no new interactions to report),c18a9ae4-3872-4d82-af9f-8cca2bdabe3b,
2025-08-13 21:23:37,HEALTHVU,5936,Time the diary was completed,end_time,,true,2025-08-13T17:23:35.736656,1fc4a8fe-47ac-43cd-9f43-92c317062312,
2025-08-12 18:31:06,HEALTHVU,5932,"Since the last EMA survey, how many new people have you interacted with in-person who don't know well enough to name? For example, customers at a cash register, staffing a table at an event, or similar?",text,,true,0,e0804d83-c5a9-49ed-9116-0b0e083ba83b,
2025-08-15 02:04:23,HEALTHVU,5936,Time the diary was started,start_time,,true,2025-08-14T22:03:47.019559,88f354f8-a8cb-4153-831b-be640c0de772,
2025-08-13 12:05:31,HEALTHVU,5936,Current location,location,,true,"latitude: 33.86245424823404, longitude: -84.26032652072216",7882ab91-f7ca-4417-80d6-b6ee08352df4,
2025-08-13 15:06:39,HEALTHVU,5932,"Were these interactions with children, adults, or both?",radio,,true,Not applicable (I was not in a group since the last EMA),98713758-d698-4be2-8243-979206824f27,
2025-08-14 15:11:48,HEALTHVU,5936,"Since the last EMA survey, how many new people have you interacted with in-person who don't know well enough to name? For example, customers at a cash register, staffing a table at an event, or similar?",text,,true,0,6e111304-c908-42c2-ace6-54b84946e1c6,
2025-08-13 03:00:54,HEALTHVU,5932,"Since the last EMA survey, did you spend time in any groups where you shared space with people you couldn't name individually?",radio,,true,No,22d1924a-d7eb-4b0a-88ac-369dee83bc69,
2025-08-13 13:39:45,HEALTHVU,5936,"Since the last EMA survey, how many new people have you interacted with in-person who don't know well enough to name? For example, customers at a cash register, staffing a table at an event, or similar?",text,,true,3,70105066-b2c4-40b2-bdfa-81e49411ac59,
2025-08-12 20:14:18,HEALTHVU,5932,How many other people were you around?,radio,,true,Not applicable (I was not in a group since the last EMA),5d52a9d0-a07c-4080-9348-f135353b0c7f,
2025-08-12 13:35:34,HEALTHVU,5932,"Since the last EMA survey, how many new people have you interacted with in-person who don't know well enough to name? For example, customers at a cash register, staffing a table at an event, or similar?",text,,true,0,074c4c1c-0945-40ff-9344-43d289a9575c,
2025-08-13 13:39:45,HEALTHVU,5936,How many other people were you around?,radio,,true,20-49,7b803902-a29e-4a05-8737-779333a41935,
2025-08-13 18:31:48,HEALTHVU,5932,Please answer the survey below,webview,,true,Start: 2025-08-13 14:30:33.824870 | End: 2025-08-13 14:30:47.635477,64f882bb-3957-4132-8984-5f02ce04283f,
2025-08-12 18:31:06,HEALTHVU,5932,Please answer the survey below,webview,,true,Start: 2025-08-12 14:30:16.594086 | End: 2025-08-12 14:30:30.331354,9e6f5bbd-874e-4ad1-9114-42438fe8051e,
2025-08-13 21:23:37,HEALTHVU,5936,"Since the last EMA survey, how many new people have you interacted with in-person who don't know well enough to name? For example, customers at a cash register, staffing a table at an event, or similar?",text,,true,0,ad1c3a75-c73d-4d0d-b93e-484cf9ae65c6,
2025-08-12 15:07:44,HEALTHVU,5932,Where did these interactions take place?,radio,,true,Not applicable (no new interactions to report),583e65a7-51fd-4a28-9812-72671a7698aa,
2025-08-14 01:18:58,HEALTHVU,5932,Where did these interactions take place?,radio,,true,Not applicable (no new interactions to report),2cb86f0e-7292-4871-8cd5-62569aec9aeb,
2025-08-14 18:31:13,HEALTHVU,5936,Time the diary was completed,end_time,,true,2025-08-14T14:31:12.375279,449c3edf-8b2c-4195-b61b-50ad76753704,
2025-08-13 11:43:19,HEALTHVU,5932,Time the diary was started,start_time,,true,2025-08-13T07:42:12.055030,b1143763-7744-4861-85e3-4d1cd42d5724,
2025-08-15 13:18:26,HEALTHVU,5923,Incentives Earned,Incentives,,true,$5.00,3b2566a8-6605-49cc-8248-c7730f4051ea,
2025-08-15 14:23:34,HEALTHVU,5877,"Were these interactions with children/teenagers, adults, or both?",radio,,true,Not applicable (no new interactions to report),70093c86-5100-451c-81b2-ab01d26bb715,
2025-08-14 20:02:12,HEALTHVU,5936,Time the diary was completed,end_time,,true,2025-08-14T16:02:10.405180,1f8e76a1-d138-408f-96f3-0c8001d78601,
2025-08-13 20:12:44,HEALTHVU,5932,"Were these interactions with children/teenagers, adults, or both?",radio,,true,Not applicable (no new interactions to report),c46056bb-351e-4aa9-b47d-47b6d641577b,
2025-08-12 23:36:55,HEALTHVU,5932,"Since the last EMA survey, did you spend time in any groups where you shared space with people you couldn't name individually?",radio,,true,No,7b5a8a3c-32a7-48de-91f1-a7955a2cab49,
2025-08-13 19:49:12,HEALTHVU,5936,Time the diary was started,start_time,,true,2025-08-13T14:30:06.308144,c597543b-9f42-4003-8de4-234495976309,
2025-08-13 22:01:34,HEALTHVU,5932,Incentives Earned,Incentives,,true,$47.00,dd38cef9-0869-498b-9ca2-a767d5c773d6,
2025-08-12 13:35:34,HEALTHVU,5932,Please answer the survey below,webview,,true,Start: 2025-08-12 09:32:28.010215 | End: 2025-08-12 09:34:10.983359,1509fa0b-3dea-4e35-ac42-a52e14001716,
2025-08-14 16:44:31,HEALTHVU,5936,Current location,location,,true,"latitude: 33.84435392885707, longitude: -84.37160371686659",d2ca107f-9bc8-4073-bef5-bffe8b39687f,
2025-08-13 15:06:39,HEALTHVU,5932,Current location,location,,true,"latitude: 34.05267401642713, longitude: -84.78078844168509",bc467d88-bb11-4864-b04a-86265e9a468c,
2025-08-15 00:31:34,HEALTHVU,5936,"Were these interactions with children/teenagers, adults, or both?",radio,,true,Not applicable (no new interactions to report),8f567105-34e3-463c-8455-ee39c29ce77a,
2025-08-13 23:38:56,HEALTHVU,5932,"Were these interactions with children/teenagers, adults, or both?",radio,,true,Not applicable (no new interactions to report),77d6722e-8e72-435b-bda6-9573b72de5b7,
2025-08-15 15:41:37,HEALTHVU,5877,Please answer the survey below,webview,,true,Start: 2025-08-15 11:39:13.520464 | End: 2025-08-15 11:40:18.916192,701307aa-0eb2-43d7-8d11-38a250f582a0,
2025-08-13 16:49:05,HEALTHVU,5932,"Since the last EMA survey, did you spend time in any groups where you shared space with people you couldn't name individually?",radio,,true,No,5f0276b3-43a3-4192-a303-84d097c374fa,
2025-08-13 03:00:54,HEALTHVU,5932,Please answer the survey below,webview,,true,Start: 2025-08-12 23:00:14.776176 | End: 2025-08-12 23:00:27.222340,d3b07b96-8734-4e6f-8a4f-f53e80a35f88,
2025-08-14 18:31:13,HEALTHVU,5936,"Since the last EMA survey, how many new people have you interacted with in-person who don't know well enough to name? For example, customers at a cash register, staffing a table at an event, or similar?",text,,true,0,bf23a7c6-e7a7-4670-a431-f618a2e49c5a,
2025-08-14 01:18:58,HEALTHVU,5932,Time the diary was started,start_time,,true,2025-08-13T21:18:20.940272,28cf797f-aa17-4345-a28f-95affe61b815,
2025-08-12 16:50:12,HEALTHVU,5932,"Since the last EMA survey, how many new people have you interacted with in-person who don't know well enough to name? For example, customers at a cash register, staffing a table at an event, or similar?",text,,true,1,5d39dc78-af24-40b7-b82b-7c7dd70a3a2b,
2025-08-14 21:21:40,HEALTHVU,5936,Please answer the survey below,webview,,true,Start: 2025-08-14 17:21:08.479019 | End: 2025-08-14 17:21:20.712192,ae14a968-9861-4011-ad21-b85cf5809a22,
2025-08-12 15:07:44,HEALTHVU,5932,Time the diary was completed,end_time,,true,2025-08-12T11:07:42.859725,920ad14e-1d50-4267-b4e7-6ef354adbefe,
2025-08-13 15:06:39,HEALTHVU,5932,"Since the last EMA survey, how many new people have you interacted with in-person who don't know well enough to name? For example, customers at a cash register, staffing a table at an event, or similar?",text,,true,0,078869b0-48ef-45a2-b90a-3c70e888ce7e,
2025-08-12 20:14:18,HEALTHVU,5932,Time the diary was completed,end_time,,true,2025-08-12T16:14:16.720626,76f982c5-0bea-43e1-94ff-f14c656b6b97,
2025-08-13 16:44:34,HEALTHVU,5936,"Were these interactions with children, adults, or both?",radio,,true,Not applicable (I was not in a group since the last EMA),dfa612a8-5ab8-4b29-9819-f39c975218fa,
2025-08-14 02:01:46,HEALTHVU,5936,Current location,location,,true,"latitude: 33.86245359376168, longitude: -84.26032685501144",ab1a3de3-3463-450c-a92f-4e48166c3496,
2025-08-12 18:31:06,HEALTHVU,5932,Time the diary was started,start_time,,true,2025-08-12T14:30:15.340131,d98c60a7-9dec-4e90-af63-772c31c99a87,
2025-08-13 22:01:32,HEALTHVU,5932,"Were these interactions with children/teenagers, adults, or both?",radio,,true,Not applicable (no new interactions to report),e62fbbde-e850-4b9f-b506-035367615eab,
2025-08-13 21:23:37,HEALTHVU,5936,How many other people were you around?,radio,,true,Not applicable (I was not in a group since the last EMA),1a44eb87-000b-4747-b7fa-ebab98a13477,
2025-08-14 15:11:48,HEALTHVU,5936,Current location,location,,true,"latitude: 33.82577748778284, longitude: -84.36168056275385",fbb655be-25cf-4cf7-915a-e6a1f6953c80,
2025-08-13 15:06:39,HEALTHVU,5932,Please answer the survey below,webview,,true,Start: 2025-08-13 11:06:06.779655 | End: 2025-08-13 11:06:16.697136,9afc4db4-44a9-4f94-967b-f1dabfc3cad9,
2025-08-14 00:27:58,HEALTHVU,5936,Incentives Earned,Incentives,,true,$23.00,8d95a41b-61aa-44d2-8672-23256d8506ed,
2025-08-13 19:49:12,HEALTHVU,5936,Where did these interactions take place?,radio,,true,Fully indoors,fa3201fa-e2ce-4a5b-af16-22ea602d889e,
2025-08-15 15:41:37,HEALTHVU,5877,How many other people were you around?,radio,,true,Not applicable (I was not in a group since the last EMA),c698359f-d87e-47f7-9e21-4cf22e842ff6,
2025-08-13 21:23:37,HEALTHVU,5936,"Since the last EMA survey, did you spend time in any groups where you shared space with people you couldn't name individually?",radio,,true,No,f02c7275-f7b8-4ccb-a8b0-9d02c6c409c7,
2025-08-13 23:12:18,HEALTHVU,5936,"Since the last EMA survey, how many new people have you interacted with in-person who don't know well enough to name? For example, customers at a cash register, staffing a table at an event, or similar?",text,,true,0,6e44cc97-a009-4d5e-9fc1-22374636b29e,
2025-08-12 15:07:46,HEALTHVU,5932,Incentives Earned,Incentives,,true,$9.00,0c37617f-5d1f-4701-b576-11d1f53976e2,
2025-08-15 00:31:34,HEALTHVU,5936,"Were these interactions with children, adults, or both?",radio,,true,Not applicable (I was not in a group since the last EMA),678bad0d-f172-4cdb-a617-83b91410333e,
2025-08-12 22:10:18,HEALTHVU,5932,How many other people were you around?,radio,,true,Not applicable (I was not in a group since the last EMA),c6d53731-f06a-4279-955f-d2e1a30eb367,
2025-08-11 22:11:48,HEALTHVU,5932,Incentives Earned,Incentives,,true,$5.00,5f549e64-6237-40ba-8100-ede18ae69d0a,
2025-08-15 02:04:23,HEALTHVU,5936,"Since the last EMA survey, did you spend time in any groups where you shared space with people you couldn't name individually?",radio,,true,No,41b45098-3e82-4107-b366-cb71a5434d3a,
2025-08-13 23:37:28,HEALTHVU,5932,Time the diary was started,start_time,,true,2025-08-13T19:36:18.338422,1fa273f5-7aad-4704-be45-67477d7e8053,
2025-08-12 13:35:34,HEALTHVU,5932,Time the diary was started,start_time,,true,2025-08-12T09:32:22.672119,c20ccdc5-33c0-4b1a-8a37-43528cdc2f19,
2025-08-12 23:36:55,HEALTHVU,5932,"Since the last EMA survey, how many new people have you interacted with in-person who don't know well enough to name? For example, customers at a cash register, staffing a table at an event, or similar?",text,,true,0,51a4092c-76f6-454d-b21b-aa3b71612a4d,
2025-08-13 21:23:37,HEALTHVU,5936,Please answer the survey below,webview,,true,Start: 2025-08-13 17:22:27.545689 | End: 2025-08-13 17:22:42.076764,28687425-d70d-4824-a531-c55578f1e995,
2025-08-14 16:44:31,HEALTHVU,5936,How many other people were you around?,radio,,true,20-49,ff9fca1d-7c59-4448-8ea9-5b6038a5f0af,
2025-08-14 00:27:57,HEALTHVU,5936,Time the diary was started,start_time,,true,2025-08-13T20:27:05.517420,d9aa3e3a-c8df-4b8b-8689-6f490dd7b883,
2025-08-13 03:00:54,HEALTHVU,5932,"Since the last EMA survey, how many new people have you interacted with in-person who don't know well enough to name? For example, customers at a cash register, staffing a table at an event, or similar?",text,,true,0,35ada4de-3551-4b5c-916d-4d9012359a00,
2025-08-13 15:06:39,HEALTHVU,5932,"Since the last EMA survey, did you spend time in any groups where you shared space with people you couldn't name individually?",radio,,true,No,0413a629-f57d-485d-b0b4-5fd084e485b9,
2025-08-14 22:58:01,HEALTHVU,5877,Time the diary was started,start_time,,true,2025-08-14T18:57:18.003234,d61ec734-c201-4360-8726-55284e8fd7b7,
2025-08-13 11:43:19,HEALTHVU,5932,Where did these interactions take place?,radio,,true,Not applicable (no new interactions to report),187db559-b4b5-4836-b143-e93137de64c1,
2025-08-14 00:27:57,HEALTHVU,5936,Where did these interactions take place?,radio,,true,Not applicable (no new interactions to report),cf758f7c-3f02-4e86-aa46-f7746303da78,
2025-08-15 00:31:34,HEALTHVU,5936,"Since the last EMA survey, did you spend time in any groups where you shared space with people you couldn't name individually?",radio,,true,No,eab01e65-861c-4f23-855f-aa29ebf4d1d7,
2025-08-13 18:31:48,HEALTHVU,5932,"Since the last EMA survey, how many new people have you interacted with in-person who don't know well enough to name? For example, customers at a cash register, staffing a table at an event, or similar?",text,,true,1,5b9e49a4-a97f-43e2-8b6b-e487f96e78c2,
2025-08-13 18:31:48,HEALTHVU,5932,Where did these interactions take place?,radio,,true,Fully indoors,bbbaa5ec-14a2-4540-8e05-ba804f26d8ea,
2025-08-15 14:23:34,HEALTHVU,5877,Time the diary was completed,end_time,,true,2025-08-15T10:23:33.324756,6fa37d74-4350-4104-b8ab-2e48bdf059a0,
2025-08-14 18:31:13,HEALTHVU,5936,Where did these interactions take place?,radio,,true,Not applicable (no new interactions to report),720630c1-66d8-49d7-a301-b4ae2102ecb0,
2025-08-12 15:07:44,HEALTHVU,5932,How many other people were you around?,radio,,true,Not applicable (I was not in a group since the last EMA),0a1a0d1a-86e4-4f60-af94-17a70940d520,
2025-08-15 02:04:23,HEALTHVU,5936,"Were these interactions with children/teenagers, adults, or both?",radio,,true,Not applicable (no new interactions to report),66a0c89b-3bfd-4053-b85d-e31d556e91f6,
2025-08-12 16:50:12,HEALTHVU,5932,How many other people were you around?,radio,,true,Not applicable (I was not in a group since the last EMA),0626ed51-e36a-48fb-8506-39ec0e428f84,
2025-08-12 15:07:44,HEALTHVU,5932,Please answer the survey below,webview,,true,Start: 2025-08-12 11:06:08.217865 | End: 2025-08-12 11:07:04.317233,c27ceff5-b967-4aba-a759-87cd3868113e,
2025-08-13 13:40:28,HEALTHVU,5932,Where did these interactions take place?,radio,,true,Not applicable (no new interactions to report),23f323e0-b5ab-4e61-b638-1a1aab7a5366,
2025-08-14 22:58:01,HEALTHVU,5877,Current location,location,,true,"latitude: 33.61632947381156, longitude: -84.39047980472172",ff02c32a-75f7-464d-8cbe-1435b1877c9f,
2025-08-13 20:12:44,HEALTHVU,5932,"Since the last EMA survey, how many new people have you interacted with in-person who don't know well enough to name? For example, customers at a cash register, staffing a table at an event, or similar?",text,,true,0,27866261-f53c-4e84-8de7-9b86ef9af4fc,
2025-08-13 22:01:32,HEALTHVU,5932,"Were these interactions with children, adults, or both?",radio,,true,Not applicable (I was not in a group since the last EMA),a413efde-4e2e-4870-8bcc-e7959db16633,
2025-08-13 13:39:45,HEALTHVU,5936,"Since the last EMA survey, did you spend time in any groups where you shared space with people you couldn't name individually?",radio,,true,Yes,1ce20217-9df3-4902-a841-91dda412306f,
2025-08-13 22:01:32,HEALTHVU,5932,Time the diary was started,start_time,,true,2025-08-13T18:00:47.483438,89cb31ed-8abb-4bfe-a4a2-06e579759441,
2025-08-12 20:14:18,HEALTHVU,5932,Where did these interactions take place?,radio,,true,Not applicable (no new interactions to report),215c42d6-534b-4d69-a7e7-0ab5f4e29657,
2025-08-12 16:38:43,HEALTHVU,5936,Time the diary was completed,end_time,,true,2025-08-12T12:38:42.346376,49562ded-c440-4067-a61c-2af5b649b043,
2025-08-15 14:23:34,HEALTHVU,5877,Time the diary was started,start_time,,true,2025-08-15T10:21:18.521265,678a9eb0-3037-42d1-be5f-981e33faa34a,
2025-08-14 15:11:48,HEALTHVU,5936,Please answer the survey below,webview,,true,Start: 2025-08-14 11:10:55.181545 | End: 2025-08-14 11:11:10.027955,372fa2b4-6da7-4e87-a588-35d4036e1748,
2025-08-14 20:02:12,HEALTHVU,5936,Current location,location,,true,"latitude: 33.86242894064368, longitude: -84.26013744662977",484f5b1b-2d95-41f9-9de7-1bc2b5b35211,
2025-08-14 12:09:41,HEALTHVU,5936,Time the diary was completed,end_time,,true,2025-08-14T08:09:40.331713,298b7937-d950-4861-86ee-1a0cdaadafa0,
2025-08-13 23:38:56,HEALTHVU,5932,How many other people were you around?,radio,,true,Not applicable (I was not in a group since the last EMA),81df7a63-ef67-48a2-bad2-22ff2b4ad230,
2025-08-13 16:49:05,HEALTHVU,5932,How many other people were you around?,radio,,true,Not applicable (I was not in a group since the last EMA),3eee5a2e-cecd-4b0b-9173-265169a0e025,
2025-08-13 22:01:32,HEALTHVU,5932,"Since the last EMA survey, did you spend time in any groups where you shared space with people you couldn't name individually?",radio,,true,No,89832a89-2121-4e33-8739-3a4273a788b4,
2025-08-14 02:01:46,HEALTHVU,5936,How many other people were you around?,radio,,true,Not applicable (I was not in a group since the last EMA),bb54f924-caec-42a5-9cd2-cf36998fe92d,
2025-08-13 03:00:54,HEALTHVU,5932,Current location,location,,true,"latitude: 34.05267401642713, longitude: -84.78078844168509",3d12bb1f-4e3a-4367-a91e-0d056368bed0,
2025-08-13 19:51:03,HEALTHVU,5936,"Since the last EMA survey, did you spend time in any groups where you shared space with people you couldn't name individually?",radio,,true,No,320dd183-743a-48f5-be71-6ad040ac72f9,
2025-08-14 20:02:13,HEALTHVU,5936,Incentives Earned,Incentives,,true,$47.00,04757223-e232-4a5a-b090-bca6fb641a6a,
2025-08-12 16:50:12,HEALTHVU,5932,"Were these interactions with children, adults, or both?",radio,,true,Not applicable (I was not in a group since the last EMA),05d822f6-4f73-4257-9d2d-df96003cdc21,
2025-08-14 20:02:12,HEALTHVU,5936,Please answer the survey below,webview,,true,Start: 2025-08-14 16:01:29.760451 | End: 2025-08-14 16:01:40.498398,da2919d9-bd41-4862-b5e7-e486c13c2234,
2025-08-14 22:57:07,HEALTHVU,5936,Incentives Earned,Incentives,,true,$51.00,8c839bf5-3aef-46e3-8afc-985a11880b52,
2025-08-12 16:50:12,HEALTHVU,5932,Current location,location,,true,"latitude: 34.05267401642713, longitude: -84.78078844168509",ebbdd18c-d082-4919-bf2f-9f9d0d6bb43e,
2025-08-15 14:23:34,HEALTHVU,5877,"Were these interactions with children, adults, or both?",radio,,true,Not applicable (I was not in a group since the last EMA),def6016a-81ea-49e2-b447-b80990b3f845,
2025-08-12 18:31:06,HEALTHVU,5932,How many other people were you around?,radio,,true,Not applicable (I was not in a group since the last EMA),ceab8100-5da3-4807-a500-c12742bf14aa,
2025-08-14 22:57:05,HEALTHVU,5936,How many other people were you around?,radio,,true,Not applicable (I was not in a group since the last EMA),e10e264d-2b78-47a6-a7e9-3199edd24810,
2025-08-14 12:09:41,HEALTHVU,5936,Current location,location,,true,"latitude: 33.86245359376168, longitude: -84.26032685501144",4b0a1355-57eb-4316-9ac4-22e4602f26b1,
2025-08-14 15:11:48,HEALTHVU,5936,Time the diary was completed,end_time,,true,2025-08-14T11:11:47.043334,680b8fc4-3d24-4020-ac3b-72e7c31ade9a,
2025-08-13 23:38:58,HEALTHVU,5932,Incentives Earned,Incentives,,true,$49.00,4a299ad9-afae-420d-b84d-bc07e0b7d6aa,
2025-08-14 02:01:46,HEALTHVU,5936,"Since the last EMA survey, how many new people have you interacted with in-person who don't know well enough to name? For example, customers at a cash register, staffing a table at an event, or similar?",text,,true,0,773ec3fc-67c1-47b4-bd22-2a612e7971a6,
2025-08-15 02:04:23,HEALTHVU,5936,Current location,location,,true,"latitude: 33.86245654343543, longitude: -84.26032624819992",631c1ed7-00f7-4c20-90fc-5e2d07d56cfd,
2025-08-14 21:21:40,HEALTHVU,5936,How many other people were you around?,radio,,true,Not applicable (I was not in a group since the last EMA),eac96527-bd47-4ef4-9e70-e8aad3885275,
2025-08-12 16:50:12,HEALTHVU,5932,"Since the last EMA survey, did you spend time in any groups where you shared space with people you couldn't name individually?",radio,,true,No,b2dc8993-31c5-4dd6-be5e-e96a2810e53f,
2025-08-14 22:57:05,HEALTHVU,5936,"Since the last EMA survey, did you spend time in any groups where you shared space with people you couldn't name individually?",radio,,true,No,909fa4b6-83ff-4338-923c-a0dcfe19f9ea,
2025-08-13 23:12:18,HEALTHVU,5936,Time the diary was completed,end_time,,true,2025-08-13T19:12:16.875663,7a070f70-1a6d-448b-acb0-42f5bd988492,
2025-08-14 01:18:58,HEALTHVU,5932,Current location,location,,true,"latitude: 34.05267401642713, longitude: -84.78078844168509",584a2f06-6ebf-414a-8901-ecfbabf79117,
2025-08-13 01:19:33,HEALTHVU,5932,How many other people were you around?,radio,,true,Not applicable (I was not in a group since the last EMA),73ab46ec-b8b5-4d08-82c7-01d6c28df5ad,
2025-08-15 15:41:37,HEALTHVU,5877,"Were these interactions with children, adults, or both?",radio,,true,All adults,ead9c716-18fb-4280-af8b-154c8065d45c,
2025-08-15 13:18:25,HEALTHVU,5923,"Welcome to the study! Does your ghost have a name? If not, what would you like to name your ghost?",text,,true,Lucy,b4b9e961-53aa-4ab3-8446-c2c2f531ee08,
2025-08-14 00:27:57,HEALTHVU,5936,"Were these interactions with children, adults, or both?",radio,,true,Not applicable (I was not in a group since the last EMA),d7845607-198d-4e35-a814-c97690b22930,
2025-08-13 16:49:05,HEALTHVU,5932,Time the diary was completed,end_time,,true,2025-08-13T12:49:04.614299,beba9ad9-ed93-4f57-bdc4-a0d34c52695a,
2025-08-14 16:44:31,HEALTHVU,5936,"Were these interactions with children, adults, or both?",radio,,true,All adults,b6ed5b89-c9cd-4739-a68d-db99c92f02b8,
2025-08-15 15:41:37,HEALTHVU,5877,Current location,location,,true,"latitude: 33.9460856786186, longitude: -84.49969011487828",98acb09d-6dfc-46a7-bc5d-b2ac28b70f24,
2025-08-13 11:43:19,HEALTHVU,5932,"Since the last EMA survey, did you spend time in any groups where you shared space with people you couldn't name individually?",radio,,true,No,8007104c-837b-4d9c-8155-cffbe2ed784a,
2025-08-13 19:51:03,HEALTHVU,5936,Current location,location,,true,"latitude: 33.86242552599356, longitude: -84.26014048371727",841dda13-7a78-499a-8dd2-03812f84e806,
2025-08-13 12:05:31,HEALTHVU,5936,Please answer the survey below,webview,,true,Start: 2025-08-13 08:03:12.574148 | End: 2025-08-13 08:04:33.931119,f092f706-617e-4cbf-aedd-9dce7430706d,
2025-08-13 19:49:12,HEALTHVU,5936,"Were these interactions with children/teenagers, adults, or both?",radio,,true,All adults,a8d09908-c204-45ec-8af2-eca6fc59980c,
2025-08-13 19:51:03,HEALTHVU,5936,Time the diary was completed,end_time,,true,2025-08-13T15:51:02.900206,92862e96-9c8f-4567-88c8-3a735af59c60,
2025-08-14 02:01:46,HEALTHVU,5936,"Were these interactions with children/teenagers, adults, or both?",radio,,true,Not applicable (no new interactions to report),67721bef-6a8e-4994-966f-6f68292d8f46,
2025-08-14 12:09:41,HEALTHVU,5936,"Since the last EMA survey, did you spend time in any groups where you shared space with people you couldn't name individually?",radio,,true,No,d22407e3-3820-424e-b44d-5f2c8a366e43,
2025-08-15 14:23:34,HEALTHVU,5877,"Since the last EMA survey, how many new people have you interacted with in-person who don't know well enough to name? For example, customers at a cash register, staffing a table at an event, or similar?",text,,true,"0
",242d5189-dc00-4721-bd43-7a08490df2fe,
2025-08-13 19:49:12,HEALTHVU,5936,Current location,location,,true,"latitude: 33.86245359376168, longitude: -84.26032685501144",87002401-c046-461b-9292-23028aebab49,
2025-08-12 22:10:18,HEALTHVU,5932,Current location,location,,true,"latitude: 34.05267401642713, longitude: -84.78078844168509",f0dd5e2c-4983-41b9-ad29-b4b922161470,
2025-08-12 18:31:06,HEALTHVU,5932,Time the diary was completed,end_time,,true,2025-08-12T14:31:05.543753,3c20ad88-4f33-4e50-b34e-790e1a5468f9,
2025-08-14 13:45:12,HEALTHVU,5936,How many other people were you around?,radio,,true,Not applicable (I was not in a group since the last EMA),e347fd42-ba0f-4690-be56-97c518f54171,
2025-08-15 02:04:23,HEALTHVU,5936,Time the diary was completed,end_time,,true,2025-08-14T22:04:21.678396,241eb546-6cfd-45f4-a0a9-1a9120476740,
2025-08-12 13:35:34,HEALTHVU,5932,Current location,location,,true,"latitude: 34.05267401642713, longitude: -84.78078844168509",d2baf4b2-6a5e-42b6-a570-438285f6537f,
2025-08-13 19:51:03,HEALTHVU,5936,"Were these interactions with children, adults, or both?",radio,,true,Not applicable (I was not in a group since the last EMA),384ba8e3-5f17-450e-aa0d-be279df78f77,
2025-08-14 12:09:41,HEALTHVU,5936,"Were these interactions with children, adults, or both?",radio,,true,Not applicable (I was not in a group since the last EMA),7a209c5a-0aa4-4806-a069-3a1cfb225ded,
2025-08-15 14:23:36,HEALTHVU,5877,Incentives Earned,Incentives,,true,$7.00,b29b79aa-c5a3-41f0-8741-07251620bd25,
2025-08-13 12:05:31,HEALTHVU,5936,"Were these interactions with children/teenagers, adults, or both?",radio,,true,Not applicable (no new interactions to report),0f4578c9-c4fe-455a-9d71-80fc171e8645,
2025-08-15 00:31:34,HEALTHVU,5936,Time the diary was completed,end_time,,true,2025-08-14T20:31:32.852751,3fb70b99-c392-4d13-b5c4-136dc7cdd67d,
2025-08-15 15:41:37,HEALTHVU,5877,Time the diary was completed,end_time,,true,2025-08-15T11:41:36.040363,a02ef5a6-492f-4a29-8188-d931b7d00834,
2025-08-13 13:40:28,HEALTHVU,5932,"Were these interactions with children/teenagers, adults, or both?",radio,,true,Not applicable (no new interactions to report),0f49d12e-cbc6-407e-ae04-710cd573b235,
2025-08-13 13:39:45,HEALTHVU,5936,Time the diary was started,start_time,,true,2025-08-13T09:38:17.063594,46db565b-e997-499a-af34-362b9325ec52,
2025-08-12 18:31:06,HEALTHVU,5932,"Were these interactions with children/teenagers, adults, or both?",radio,,true,Not applicable (no new interactions to report),acadfbe3-e636-483e-b4f8-52969e2e23b9,
2025-08-15 13:18:25,HEALTHVU,5923,Time the diary was started,start_time,,true,2025-08-15T09:12:50.199292,7f56177b-7faf-4886-a6ff-f39fca742d14,
2025-08-13 12:05:31,HEALTHVU,5936,"Since the last EMA survey, did you spend time in any groups where you shared space with people you couldn't name individually?",radio,,true,No,f7f0c936-3feb-4737-83a7-cfcd474646f2,
2025-08-13 22:01:32,HEALTHVU,5932,Current location,location,,true,"latitude: 34.05267401642713, longitude: -84.78078844168509",87f1198d-2c66-491e-9670-ceacf819b79b,
2025-08-14 16:44:31,HEALTHVU,5936,"Were these interactions with children/teenagers, adults, or both?",radio,,true,All adults,3a12ca14-2ce0-4ff3-a975-6055deca08ac,
2025-08-14 00:27:57,HEALTHVU,5936,How many other people were you around?,radio,,true,Not applicable (I was not in a group since the last EMA),1797e1b4-5459-41af-becf-60522add2d3d,
2025-08-12 16:38:43,HEALTHVU,5936,Time the diary was started,start_time,,true,2025-08-12T12:38:24.877778,805bee9d-6700-44ba-b85f-d6b82bb7ce80,
2025-08-13 03:00:54,HEALTHVU,5932,Where did these interactions take place?,radio,,true,Not applicable (no new interactions to report),aa0c76cf-95a7-4186-bb3e-ad6f9ceeb16c,
2025-08-12 20:14:20,HEALTHVU,5932,Incentives Earned,Incentives,,true,$15.00,acd12f15-ff4b-4a30-87b0-e1532fcb76a1,
2025-08-12 15:07:44,HEALTHVU,5932,"Since the last EMA survey, did you spend time in any groups where you shared space with people you couldn't name individually?",radio,,true,No,cf1cc58e-330e-416b-b5cd-4e768509ae68,
2025-08-13 23:37:28,HEALTHVU,5932,Current location,location,,true,"latitude: 34.05267401642713, longitude: -84.78078844168509",0a93ed67-f9c1-4682-8ebb-c7e251d8e7b1,
2025-08-12 20:14:18,HEALTHVU,5932,Time the diary was started,start_time,,true,2025-08-12T16:12:26.694131,50948148-cba0-40d6-a660-cbdf3189743f,
2025-08-14 20:02:12,HEALTHVU,5936,"Were these interactions with children/teenagers, adults, or both?",radio,,true,Not applicable (no new interactions to report),f5c48035-d2d9-4eb4-aee7-7050456f1f72,
2025-08-12 23:36:57,HEALTHVU,5932,Incentives Earned,Incentives,,true,$19.00,aca951d7-c3d5-4169-8238-8c4b9fbe1314,
2025-08-13 23:37:28,HEALTHVU,5932,Time the diary was completed,end_time,,true,2025-08-13T19:37:26.941082,65839048-7b7a-4a7d-9107-9de4526f19e6,
2025-08-12 16:38:43,HEALTHVU,5936,"Welcome to the study! Does your ghost have a name? If not, what would you like to name your ghost?",text,,true,Casper,8b74093a-0498-45df-8b21-2aa4e169c846,
2025-08-13 19:49:12,HEALTHVU,5936,"Since the last EMA survey, did you spend time in any groups where you shared space with people you couldn't name individually?",radio,,true,No,44487352-cb97-4981-b35a-c1b10616a44c,
